2026-06-02 20:05:00 [ERR] Błąd pobierania listy eventów
System.Net.Http.HttpRequestException: Nie można nawiązać połączenia, ponieważ komputer docelowy aktywnie go odmawia. (localhost:7225)
 ---> System.Net.Sockets.SocketException (10061): Nie można nawiązać połączenia, ponieważ komputer docelowy aktywnie go odmawia.
   at System.Net.Sockets.Socket.AwaitableSocketAsyncEventArgs.ThrowException(SocketError error, CancellationToken cancellationToken)
   at System.Net.Sockets.Socket.AwaitableSocketAsyncEventArgs.System.Threading.Tasks.Sources.IValueTaskSource.GetResult(Int16 token)
   at System.Net.Sockets.Socket.<ConnectAsync>g__WaitForConnectWithCancellation|277_0(AwaitableSocketAsyncEventArgs saea, ValueTask connectTask, CancellationToken cancellationToken)
   at System.Net.Http.HttpConnectionPool.ConnectToTcpHostAsync(String host, Int32 port, HttpRequestMessage initialRequest, Boolean async, CancellationToken cancellationToken)
   --- End of inner exception stack trace ---
   at System.Net.Http.HttpConnectionPool.ConnectToTcpHostAsync(String host, Int32 port, HttpRequestMessage initialRequest, Boolean async, CancellationToken cancellationToken)
   at System.Net.Http.HttpConnectionPool.ConnectAsync(HttpRequestMessage request, Boolean async, CancellationToken cancellationToken)
   at System.Net.Http.HttpConnectionPool.CreateHttp11ConnectionAsync(HttpRequestMessage request, Boolean async, CancellationToken cancellationToken)
   at System.Net.Http.HttpConnectionPool.AddHttp11ConnectionAsync(HttpRequestMessage request)
   at System.Threading.Tasks.TaskCompletionSourceWithCancellation`1.WaitWithCancellationAsync(CancellationToken cancellationToken)
   at System.Net.Http.HttpConnectionPool.GetHttp11ConnectionAsync(HttpRequestMessage request, Boolean async, CancellationToken cancellationToken)
   at System.Net.Http.HttpConnectionPool.SendWithVersionDetectionAndRetryAsync(HttpRequestMessage request, Boolean async, Boolean doRequestAuth, CancellationToken cancellationToken)
   at System.Net.Http.DiagnosticsHandler.SendAsyncCore(HttpRequestMessage request, Boolean async, CancellationToken cancellationToken)
   at System.Net.Http.RedirectHandler.SendAsync(HttpRequestMessage request, Boolean async, CancellationToken cancellationToken)
   at Microsoft.Extensions.Http.Logging.LoggingHttpMessageHandler.SendAsync(HttpRequestMessage request, CancellationToken cancellationToken)
   at Microsoft.Extensions.Http.Logging.LoggingScopeHttpMessageHandler.SendAsync(HttpRequestMessage request, CancellationToken cancellationToken)
   at System.Net.Http.HttpClient.<SendAsync>g__Core|83_0(HttpRequestMessage request, HttpCompletionOption completionOption, CancellationTokenSource cts, Boolean disposeCts, CancellationTokenSource pendingRequestsCts, CancellationToken originalCancellationToken)
   at System.Net.Http.Json.HttpClientJsonExtensions.GetFromJsonAsyncCore[T](Task`1 taskResponse, JsonSerializerOptions options, CancellationToken cancellationToken)
   at RunningEventsSystem.BlazorServer.Services.AdminApiService.GetEventsAsync() in C:\Users\rados\source\repos\C#\PAB_projekt\BlazorServer\Services\AdminApiService.cs:line 46
2026-06-02 20:05:04 [ERR] Błąd pobierania listy użytkowników
System.Net.Http.HttpRequestException: Nie można nawiązać połączenia, ponieważ komputer docelowy aktywnie go odmawia. (localhost:7225)
 ---> System.Net.Sockets.SocketException (10061): Nie można nawiązać połączenia, ponieważ komputer docelowy aktywnie go odmawia.
   at System.Net.Sockets.Socket.AwaitableSocketAsyncEventArgs.ThrowException(SocketError error, CancellationToken cancellationToken)
   at System.Net.Sockets.Socket.AwaitableSocketAsyncEventArgs.System.Threading.Tasks.Sources.IValueTaskSource.GetResult(Int16 token)
   at System.Net.Sockets.Socket.<ConnectAsync>g__WaitForConnectWithCancellation|277_0(AwaitableSocketAsyncEventArgs saea, ValueTask connectTask, CancellationToken cancellationToken)
   at System.Net.Http.HttpConnectionPool.ConnectToTcpHostAsync(String host, Int32 port, HttpRequestMessage initialRequest, Boolean async, CancellationToken cancellationToken)
   --- End of inner exception stack trace ---
   at System.Net.Http.HttpConnectionPool.ConnectToTcpHostAsync(String host, Int32 port, HttpRequestMessage initialRequest, Boolean async, CancellationToken cancellationToken)
   at System.Net.Http.HttpConnectionPool.ConnectAsync(HttpRequestMessage request, Boolean async, CancellationToken cancellationToken)
   at System.Net.Http.HttpConnectionPool.CreateHttp11ConnectionAsync(HttpRequestMessage request, Boolean async, CancellationToken cancellationToken)
   at System.Net.Http.HttpConnectionPool.AddHttp11ConnectionAsync(HttpRequestMessage request)
   at System.Threading.Tasks.TaskCompletionSourceWithCancellation`1.WaitWithCancellationAsync(CancellationToken cancellationToken)
   at System.Net.Http.HttpConnectionPool.GetHttp11ConnectionAsync(HttpRequestMessage request, Boolean async, CancellationToken cancellationToken)
   at System.Net.Http.HttpConnectionPool.SendWithVersionDetectionAndRetryAsync(HttpRequestMessage request, Boolean async, Boolean doRequestAuth, CancellationToken cancellationToken)
   at System.Net.Http.DiagnosticsHandler.SendAsyncCore(HttpRequestMessage request, Boolean async, CancellationToken cancellationToken)
   at System.Net.Http.RedirectHandler.SendAsync(HttpRequestMessage request, Boolean async, CancellationToken cancellationToken)
   at Microsoft.Extensions.Http.Logging.LoggingHttpMessageHandler.SendAsync(HttpRequestMessage request, CancellationToken cancellationToken)
   at Microsoft.Extensions.Http.Logging.LoggingScopeHttpMessageHandler.SendAsync(HttpRequestMessage request, CancellationToken cancellationToken)
   at System.Net.Http.HttpClient.<SendAsync>g__Core|83_0(HttpRequestMessage request, HttpCompletionOption completionOption, CancellationTokenSource cts, Boolean disposeCts, CancellationTokenSource pendingRequestsCts, CancellationToken originalCancellationToken)
   at System.Net.Http.Json.HttpClientJsonExtensions.GetFromJsonAsyncCore[T](Task`1 taskResponse, JsonSerializerOptions options, CancellationToken cancellationToken)
   at RunningEventsSystem.BlazorServer.Services.AdminApiService.GetUsersAsync() in C:\Users\rados\source\repos\C#\PAB_projekt\BlazorServer\Services\AdminApiService.cs:line 85
2026-06-02 20:05:10 [ERR] Błąd pobierania listy eventów
System.Net.Http.HttpRequestException: Nie można nawiązać połączenia, ponieważ komputer docelowy aktywnie go odmawia. (localhost:7225)
 ---> System.Net.Sockets.SocketException (10061): Nie można nawiązać połączenia, ponieważ komputer docelowy aktywnie go odmawia.
   at System.Net.Sockets.Socket.AwaitableSocketAsyncEventArgs.ThrowException(SocketError error, CancellationToken cancellationToken)
   at System.Net.Sockets.Socket.AwaitableSocketAsyncEventArgs.System.Threading.Tasks.Sources.IValueTaskSource.GetResult(Int16 token)
   at System.Net.Sockets.Socket.<ConnectAsync>g__WaitForConnectWithCancellation|277_0(AwaitableSocketAsyncEventArgs saea, ValueTask connectTask, CancellationToken cancellationToken)
   at System.Net.Http.HttpConnectionPool.ConnectToTcpHostAsync(String host, Int32 port, HttpRequestMessage initialRequest, Boolean async, CancellationToken cancellationToken)
   --- End of inner exception stack trace ---
   at System.Net.Http.HttpConnectionPool.ConnectToTcpHostAsync(String host, Int32 port, HttpRequestMessage initialRequest, Boolean async, CancellationToken cancellationToken)
   at System.Net.Http.HttpConnectionPool.ConnectAsync(HttpRequestMessage request, Boolean async, CancellationToken cancellationToken)
   at System.Net.Http.HttpConnectionPool.CreateHttp11ConnectionAsync(HttpRequestMessage request, Boolean async, CancellationToken cancellationToken)
   at System.Net.Http.HttpConnectionPool.AddHttp11ConnectionAsync(HttpRequestMessage request)
   at System.Threading.Tasks.TaskCompletionSourceWithCancellation`1.WaitWithCancellationAsync(CancellationToken cancellationToken)
   at System.Net.Http.HttpConnectionPool.GetHttp11ConnectionAsync(HttpRequestMessage request, Boolean async, CancellationToken cancellationToken)
   at System.Net.Http.HttpConnectionPool.SendWithVersionDetectionAndRetryAsync(HttpRequestMessage request, Boolean async, Boolean doRequestAuth, CancellationToken cancellationToken)
   at System.Net.Http.DiagnosticsHandler.SendAsyncCore(HttpRequestMessage request, Boolean async, CancellationToken cancellationToken)
   at System.Net.Http.RedirectHandler.SendAsync(HttpRequestMessage request, Boolean async, CancellationToken cancellationToken)
   at Microsoft.Extensions.Http.Logging.LoggingHttpMessageHandler.SendAsync(HttpRequestMessage request, CancellationToken cancellationToken)
   at Microsoft.Extensions.Http.Logging.LoggingScopeHttpMessageHandler.SendAsync(HttpRequestMessage request, CancellationToken cancellationToken)
   at System.Net.Http.HttpClient.<SendAsync>g__Core|83_0(HttpRequestMessage request, HttpCompletionOption completionOption, CancellationTokenSource cts, Boolean disposeCts, CancellationTokenSource pendingRequestsCts, CancellationToken originalCancellationToken)
   at System.Net.Http.Json.HttpClientJsonExtensions.GetFromJsonAsyncCore[T](Task`1 taskResponse, JsonSerializerOptions options, CancellationToken cancellationToken)
   at RunningEventsSystem.BlazorServer.Services.AdminApiService.GetEventsAsync() in C:\Users\rados\source\repos\C#\PAB_projekt\BlazorServer\Services\AdminApiService.cs:line 46
2026-06-02 20:05:14 [ERR] Błąd pobierania listy użytkowników
System.Net.Http.HttpRequestException: Nie można nawiązać połączenia, ponieważ komputer docelowy aktywnie go odmawia. (localhost:7225)
 ---> System.Net.Sockets.SocketException (10061): Nie można nawiązać połączenia, ponieważ komputer docelowy aktywnie go odmawia.
   at System.Net.Sockets.Socket.AwaitableSocketAsyncEventArgs.ThrowException(SocketError error, CancellationToken cancellationToken)
   at System.Net.Sockets.Socket.AwaitableSocketAsyncEventArgs.System.Threading.Tasks.Sources.IValueTaskSource.GetResult(Int16 token)
   at System.Net.Sockets.Socket.<ConnectAsync>g__WaitForConnectWithCancellation|277_0(AwaitableSocketAsyncEventArgs saea, ValueTask connectTask, CancellationToken cancellationToken)
   at System.Net.Http.HttpConnectionPool.ConnectToTcpHostAsync(String host, Int32 port, HttpRequestMessage initialRequest, Boolean async, CancellationToken cancellationToken)
   --- End of inner exception stack trace ---
   at System.Net.Http.HttpConnectionPool.ConnectToTcpHostAsync(String host, Int32 port, HttpRequestMessage initialRequest, Boolean async, CancellationToken cancellationToken)
   at System.Net.Http.HttpConnectionPool.ConnectAsync(HttpRequestMessage request, Boolean async, CancellationToken cancellationToken)
   at System.Net.Http.HttpConnectionPool.CreateHttp11ConnectionAsync(HttpRequestMessage request, Boolean async, CancellationToken cancellationToken)
   at System.Net.Http.HttpConnectionPool.AddHttp11ConnectionAsync(HttpRequestMessage request)
   at System.Threading.Tasks.TaskCompletionSourceWithCancellation`1.WaitWithCancellationAsync(CancellationToken cancellationToken)
   at System.Net.Http.HttpConnectionPool.GetHttp11ConnectionAsync(HttpRequestMessage request, Boolean async, CancellationToken cancellationToken)
   at System.Net.Http.HttpConnectionPool.SendWithVersionDetectionAndRetryAsync(HttpRequestMessage request, Boolean async, Boolean doRequestAuth, CancellationToken cancellationToken)
   at System.Net.Http.DiagnosticsHandler.SendAsyncCore(HttpRequestMessage request, Boolean async, CancellationToken cancellationToken)
   at System.Net.Http.RedirectHandler.SendAsync(HttpRequestMessage request, Boolean async, CancellationToken cancellationToken)
   at Microsoft.Extensions.Http.Logging.LoggingHttpMessageHandler.SendAsync(HttpRequestMessage request, CancellationToken cancellationToken)
   at Microsoft.Extensions.Http.Logging.LoggingScopeHttpMessageHandler.SendAsync(HttpRequestMessage request, CancellationToken cancellationToken)
   at System.Net.Http.HttpClient.<SendAsync>g__Core|83_0(HttpRequestMessage request, HttpCompletionOption completionOption, CancellationTokenSource cts, Boolean disposeCts, CancellationTokenSource pendingRequestsCts, CancellationToken originalCancellationToken)
   at System.Net.Http.Json.HttpClientJsonExtensions.GetFromJsonAsyncCore[T](Task`1 taskResponse, JsonSerializerOptions options, CancellationToken cancellationToken)
   at RunningEventsSystem.BlazorServer.Services.AdminApiService.GetUsersAsync() in C:\Users\rados\source\repos\C#\PAB_projekt\BlazorServer\Services\AdminApiService.cs:line 85
2026-06-02 20:06:41 [ERR] Błąd pobierania listy eventów
System.Net.Http.HttpRequestException: Nie można nawiązać połączenia, ponieważ komputer docelowy aktywnie go odmawia. (localhost:7225)
 ---> System.Net.Sockets.SocketException (10061): Nie można nawiązać połączenia, ponieważ komputer docelowy aktywnie go odmawia.
   at System.Net.Sockets.Socket.AwaitableSocketAsyncEventArgs.ThrowException(SocketError error, CancellationToken cancellationToken)
   at System.Net.Sockets.Socket.AwaitableSocketAsyncEventArgs.System.Threading.Tasks.Sources.IValueTaskSource.GetResult(Int16 token)
   at System.Net.Sockets.Socket.<ConnectAsync>g__WaitForConnectWithCancellation|277_0(AwaitableSocketAsyncEventArgs saea, ValueTask connectTask, CancellationToken cancellationToken)
   at System.Net.Http.HttpConnectionPool.ConnectToTcpHostAsync(String host, Int32 port, HttpRequestMessage initialRequest, Boolean async, CancellationToken cancellationToken)
   --- End of inner exception stack trace ---
   at System.Net.Http.HttpConnectionPool.ConnectToTcpHostAsync(String host, Int32 port, HttpRequestMessage initialRequest, Boolean async, CancellationToken cancellationToken)
   at System.Net.Http.HttpConnectionPool.ConnectAsync(HttpRequestMessage request, Boolean async, CancellationToken cancellationToken)
   at System.Net.Http.HttpConnectionPool.CreateHttp11ConnectionAsync(HttpRequestMessage request, Boolean async, CancellationToken cancellationToken)
   at System.Net.Http.HttpConnectionPool.AddHttp11ConnectionAsync(HttpRequestMessage request)
   at System.Threading.Tasks.TaskCompletionSourceWithCancellation`1.WaitWithCancellationAsync(CancellationToken cancellationToken)
   at System.Net.Http.HttpConnectionPool.GetHttp11ConnectionAsync(HttpRequestMessage request, Boolean async, CancellationToken cancellationToken)
   at System.Net.Http.HttpConnectionPool.SendWithVersionDetectionAndRetryAsync(HttpRequestMessage request, Boolean async, Boolean doRequestAuth, CancellationToken cancellationToken)
   at System.Net.Http.DiagnosticsHandler.SendAsyncCore(HttpRequestMessage request, Boolean async, CancellationToken cancellationToken)
   at System.Net.Http.RedirectHandler.SendAsync(HttpRequestMessage request, Boolean async, CancellationToken cancellationToken)
   at Microsoft.Extensions.Http.Logging.LoggingHttpMessageHandler.SendAsync(HttpRequestMessage request, CancellationToken cancellationToken)
   at Microsoft.Extensions.Http.Logging.LoggingScopeHttpMessageHandler.SendAsync(HttpRequestMessage request, CancellationToken cancellationToken)
   at System.Net.Http.HttpClient.<SendAsync>g__Core|83_0(HttpRequestMessage request, HttpCompletionOption completionOption, CancellationTokenSource cts, Boolean disposeCts, CancellationTokenSource pendingRequestsCts, CancellationToken originalCancellationToken)
   at System.Net.Http.Json.HttpClientJsonExtensions.GetFromJsonAsyncCore[T](Task`1 taskResponse, JsonSerializerOptions options, CancellationToken cancellationToken)
   at RunningEventsSystem.BlazorServer.Services.AdminApiService.GetEventsAsync() in C:\Users\rados\source\repos\C#\PAB_projekt\BlazorServer\Services\AdminApiService.cs:line 46
2026-06-02 20:06:41 [ERR] Unhandled exception in circuit 'WMFnECygc3KI4c1gyeU0ElPZNlcOcJ7dJxtc0RZwfTo'.
System.ArgumentException: 'Field' is not a member of type 'System.ValueTuple`2[System.String,System.String]' (Parameter 'propertyOrFieldName')
   at System.Linq.Expressions.Expression.PropertyOrField(Expression expression, String propertyOrFieldName)
   at Radzen.PropertyAccess.Getter[TItem,TValue](String propertyName, Type type)
   at Radzen.DropDownBase`1.OnParametersSet()
   at Microsoft.AspNetCore.Components.ComponentBase.CallOnParametersSetAsync()
   at Microsoft.AspNetCore.Components.ComponentBase.RunInitAndSetParametersAsync()
   at Radzen.RadzenComponent.SetParametersAsync(ParameterView parameters)
   at Radzen.DataBoundFormComponent`1.SetParametersAsync(ParameterView parameters)
   at Radzen.DropDownBase`1.SetParametersAsync(ParameterView parameters)
   at Radzen.Blazor.RadzenDropDown`1.SetParametersAsync(ParameterView parameters)
2026-06-02 20:06:41 [ERR] Unhandled exception in circuit 'WMFnECygc3KI4c1gyeU0ElPZNlcOcJ7dJxtc0RZwfTo'.
System.ObjectDisposedException: Cannot access a disposed object.
   at Microsoft.AspNetCore.Components.RenderTree.ArrayBuilder`1.ThrowObjectDisposedException()
   at Microsoft.AspNetCore.Components.RenderTree.ArrayBuilder`1.GrowBuffer(Int32 desiredCapacity)
   at Microsoft.AspNetCore.Components.RenderTree.RenderTreeDiffBuilder.InsertNewFrame(DiffContext& diffContext, Int32 newFrameIndex)
   at Microsoft.AspNetCore.Components.RenderTree.RenderTreeDiffBuilder.AppendDiffEntriesForRange(DiffContext& diffContext, Int32 oldStartIndex, Int32 oldEndIndexExcl, Int32 newStartIndex, Int32 newEndIndexExcl)
   at Microsoft.AspNetCore.Components.RenderTree.RenderTreeDiffBuilder.ComputeDiff(Renderer renderer, RenderBatchBuilder batchBuilder, Int32 componentId, ArrayRange`1 oldTree, ArrayRange`1 newTree)
   at Microsoft.AspNetCore.Components.Rendering.ComponentState.RenderIntoBatch(RenderBatchBuilder batchBuilder, RenderFragment renderFragment, Exception& renderFragmentException)
   at Microsoft.AspNetCore.Components.RenderTree.Renderer.ProcessRenderQueue()
2026-06-02 20:06:45 [ERR] Błąd pobierania listy użytkowników
System.Net.Http.HttpRequestException: Nie można nawiązać połączenia, ponieważ komputer docelowy aktywnie go odmawia. (localhost:7225)
 ---> System.Net.Sockets.SocketException (10061): Nie można nawiązać połączenia, ponieważ komputer docelowy aktywnie go odmawia.
   at System.Net.Sockets.Socket.AwaitableSocketAsyncEventArgs.ThrowException(SocketError error, CancellationToken cancellationToken)
   at System.Net.Sockets.Socket.AwaitableSocketAsyncEventArgs.System.Threading.Tasks.Sources.IValueTaskSource.GetResult(Int16 token)
   at System.Net.Sockets.Socket.<ConnectAsync>g__WaitForConnectWithCancellation|277_0(AwaitableSocketAsyncEventArgs saea, ValueTask connectTask, CancellationToken cancellationToken)
   at System.Net.Http.HttpConnectionPool.ConnectToTcpHostAsync(String host, Int32 port, HttpRequestMessage initialRequest, Boolean async, CancellationToken cancellationToken)
   --- End of inner exception stack trace ---
   at System.Net.Http.HttpConnectionPool.ConnectToTcpHostAsync(String host, Int32 port, HttpRequestMessage initialRequest, Boolean async, CancellationToken cancellationToken)
   at System.Net.Http.HttpConnectionPool.ConnectAsync(HttpRequestMessage request, Boolean async, CancellationToken cancellationToken)
   at System.Net.Http.HttpConnectionPool.CreateHttp11ConnectionAsync(HttpRequestMessage request, Boolean async, CancellationToken cancellationToken)
   at System.Net.Http.HttpConnectionPool.AddHttp11ConnectionAsync(HttpRequestMessage request)
   at System.Threading.Tasks.TaskCompletionSourceWithCancellation`1.WaitWithCancellationAsync(CancellationToken cancellationToken)
   at System.Net.Http.HttpConnectionPool.GetHttp11ConnectionAsync(HttpRequestMessage request, Boolean async, CancellationToken cancellationToken)
   at System.Net.Http.HttpConnectionPool.SendWithVersionDetectionAndRetryAsync(HttpRequestMessage request, Boolean async, Boolean doRequestAuth, CancellationToken cancellationToken)
   at System.Net.Http.DiagnosticsHandler.SendAsyncCore(HttpRequestMessage request, Boolean async, CancellationToken cancellationToken)
   at System.Net.Http.RedirectHandler.SendAsync(HttpRequestMessage request, Boolean async, CancellationToken cancellationToken)
   at Microsoft.Extensions.Http.Logging.LoggingHttpMessageHandler.SendAsync(HttpRequestMessage request, CancellationToken cancellationToken)
   at Microsoft.Extensions.Http.Logging.LoggingScopeHttpMessageHandler.SendAsync(HttpRequestMessage request, CancellationToken cancellationToken)
   at System.Net.Http.HttpClient.<SendAsync>g__Core|83_0(HttpRequestMessage request, HttpCompletionOption completionOption, CancellationTokenSource cts, Boolean disposeCts, CancellationTokenSource pendingRequestsCts, CancellationToken originalCancellationToken)
   at System.Net.Http.Json.HttpClientJsonExtensions.GetFromJsonAsyncCore[T](Task`1 taskResponse, JsonSerializerOptions options, CancellationToken cancellationToken)
   at RunningEventsSystem.BlazorServer.Services.AdminApiService.GetUsersAsync() in C:\Users\rados\source\repos\C#\PAB_projekt\BlazorServer\Services\AdminApiService.cs:line 85
2026-06-02 22:24:37 [ERR] Błąd pobierania listy eventów
System.Net.Http.HttpRequestException: Nie można nawiązać połączenia, ponieważ komputer docelowy aktywnie go odmawia. (localhost:7225)
 ---> System.Net.Sockets.SocketException (10061): Nie można nawiązać połączenia, ponieważ komputer docelowy aktywnie go odmawia.
   at System.Net.Sockets.Socket.AwaitableSocketAsyncEventArgs.ThrowException(SocketError error, CancellationToken cancellationToken)
   at System.Net.Sockets.Socket.AwaitableSocketAsyncEventArgs.System.Threading.Tasks.Sources.IValueTaskSource.GetResult(Int16 token)
   at System.Net.Sockets.Socket.<ConnectAsync>g__WaitForConnectWithCancellation|277_0(AwaitableSocketAsyncEventArgs saea, ValueTask connectTask, CancellationToken cancellationToken)
   at System.Net.Http.HttpConnectionPool.ConnectToTcpHostAsync(String host, Int32 port, HttpRequestMessage initialRequest, Boolean async, CancellationToken cancellationToken)
   --- End of inner exception stack trace ---
   at System.Net.Http.HttpConnectionPool.ConnectToTcpHostAsync(String host, Int32 port, HttpRequestMessage initialRequest, Boolean async, CancellationToken cancellationToken)
   at System.Net.Http.HttpConnectionPool.ConnectAsync(HttpRequestMessage request, Boolean async, CancellationToken cancellationToken)
   at System.Net.Http.HttpConnectionPool.CreateHttp11ConnectionAsync(HttpRequestMessage request, Boolean async, CancellationToken cancellationToken)
   at System.Net.Http.HttpConnectionPool.AddHttp11ConnectionAsync(HttpRequestMessage request)
   at System.Threading.Tasks.TaskCompletionSourceWithCancellation`1.WaitWithCancellationAsync(CancellationToken cancellationToken)
   at System.Net.Http.HttpConnectionPool.GetHttp11ConnectionAsync(HttpRequestMessage request, Boolean async, CancellationToken cancellationToken)
   at System.Net.Http.HttpConnectionPool.SendWithVersionDetectionAndRetryAsync(HttpRequestMessage request, Boolean async, Boolean doRequestAuth, CancellationToken cancellationToken)
   at System.Net.Http.DiagnosticsHandler.SendAsyncCore(HttpRequestMessage request, Boolean async, CancellationToken cancellationToken)
   at System.Net.Http.RedirectHandler.SendAsync(HttpRequestMessage request, Boolean async, CancellationToken cancellationToken)
   at Microsoft.Extensions.Http.Logging.LoggingHttpMessageHandler.SendAsync(HttpRequestMessage request, CancellationToken cancellationToken)
   at Microsoft.Extensions.Http.Logging.LoggingScopeHttpMessageHandler.SendAsync(HttpRequestMessage request, CancellationToken cancellationToken)
   at System.Net.Http.HttpClient.<SendAsync>g__Core|83_0(HttpRequestMessage request, HttpCompletionOption completionOption, CancellationTokenSource cts, Boolean disposeCts, CancellationTokenSource pendingRequestsCts, CancellationToken originalCancellationToken)
   at System.Net.Http.Json.HttpClientJsonExtensions.GetFromJsonAsyncCore[T](Task`1 taskResponse, JsonSerializerOptions options, CancellationToken cancellationToken)
   at RunningEventsSystem.BlazorServer.Services.AdminApiService.GetEventsAsync() in C:\Users\wikto\source\repos\WiktorKostera\PAB_projekt\BlazorServer\Services\AdminApiService.cs:line 46
2026-06-02 22:24:41 [ERR] Błąd pobierania listy użytkowników
System.Net.Http.HttpRequestException: Nie można nawiązać połączenia, ponieważ komputer docelowy aktywnie go odmawia. (localhost:7225)
 ---> System.Net.Sockets.SocketException (10061): Nie można nawiązać połączenia, ponieważ komputer docelowy aktywnie go odmawia.
   at System.Net.Sockets.Socket.AwaitableSocketAsyncEventArgs.ThrowException(SocketError error, CancellationToken cancellationToken)
   at System.Net.Sockets.Socket.AwaitableSocketAsyncEventArgs.System.Threading.Tasks.Sources.IValueTaskSource.GetResult(Int16 token)
   at System.Net.Sockets.Socket.<ConnectAsync>g__WaitForConnectWithCancellation|277_0(AwaitableSocketAsyncEventArgs saea, ValueTask connectTask, CancellationToken cancellationToken)
   at System.Net.Http.HttpConnectionPool.ConnectToTcpHostAsync(String host, Int32 port, HttpRequestMessage initialRequest, Boolean async, CancellationToken cancellationToken)
   --- End of inner exception stack trace ---
   at System.Net.Http.HttpConnectionPool.ConnectToTcpHostAsync(String host, Int32 port, HttpRequestMessage initialRequest, Boolean async, CancellationToken cancellationToken)
   at System.Net.Http.HttpConnectionPool.ConnectAsync(HttpRequestMessage request, Boolean async, CancellationToken cancellationToken)
   at System.Net.Http.HttpConnectionPool.CreateHttp11ConnectionAsync(HttpRequestMessage request, Boolean async, CancellationToken cancellationToken)
   at System.Net.Http.HttpConnectionPool.AddHttp11ConnectionAsync(HttpRequestMessage request)
   at System.Threading.Tasks.TaskCompletionSourceWithCancellation`1.WaitWithCancellationAsync(CancellationToken cancellationToken)
   at System.Net.Http.HttpConnectionPool.GetHttp11ConnectionAsync(HttpRequestMessage request, Boolean async, CancellationToken cancellationToken)
   at System.Net.Http.HttpConnectionPool.SendWithVersionDetectionAndRetryAsync(HttpRequestMessage request, Boolean async, Boolean doRequestAuth, CancellationToken cancellationToken)
   at System.Net.Http.DiagnosticsHandler.SendAsyncCore(HttpRequestMessage request, Boolean async, CancellationToken cancellationToken)
   at System.Net.Http.RedirectHandler.SendAsync(HttpRequestMessage request, Boolean async, CancellationToken cancellationToken)
   at Microsoft.Extensions.Http.Logging.LoggingHttpMessageHandler.SendAsync(HttpRequestMessage request, CancellationToken cancellationToken)
   at Microsoft.Extensions.Http.Logging.LoggingScopeHttpMessageHandler.SendAsync(HttpRequestMessage request, CancellationToken cancellationToken)
   at System.Net.Http.HttpClient.<SendAsync>g__Core|83_0(HttpRequestMessage request, HttpCompletionOption completionOption, CancellationTokenSource cts, Boolean disposeCts, CancellationTokenSource pendingRequestsCts, CancellationToken originalCancellationToken)
   at System.Net.Http.Json.HttpClientJsonExtensions.GetFromJsonAsyncCore[T](Task`1 taskResponse, JsonSerializerOptions options, CancellationToken cancellationToken)
   at RunningEventsSystem.BlazorServer.Services.AdminApiService.GetUsersAsync() in C:\Users\wikto\source\repos\WiktorKostera\PAB_projekt\BlazorServer\Services\AdminApiService.cs:line 85
2026-06-02 22:24:46 [ERR] Błąd pobierania listy eventów
System.Net.Http.HttpRequestException: Nie można nawiązać połączenia, ponieważ komputer docelowy aktywnie go odmawia. (localhost:7225)
 ---> System.Net.Sockets.SocketException (10061): Nie można nawiązać połączenia, ponieważ komputer docelowy aktywnie go odmawia.
   at System.Net.Sockets.Socket.AwaitableSocketAsyncEventArgs.ThrowException(SocketError error, CancellationToken cancellationToken)
   at System.Net.Sockets.Socket.AwaitableSocketAsyncEventArgs.System.Threading.Tasks.Sources.IValueTaskSource.GetResult(Int16 token)
   at System.Net.Sockets.Socket.<ConnectAsync>g__WaitForConnectWithCancellation|277_0(AwaitableSocketAsyncEventArgs saea, ValueTask connectTask, CancellationToken cancellationToken)
   at System.Net.Http.HttpConnectionPool.ConnectToTcpHostAsync(String host, Int32 port, HttpRequestMessage initialRequest, Boolean async, CancellationToken cancellationToken)
   --- End of inner exception stack trace ---
   at System.Net.Http.HttpConnectionPool.ConnectToTcpHostAsync(String host, Int32 port, HttpRequestMessage initialRequest, Boolean async, CancellationToken cancellationToken)
   at System.Net.Http.HttpConnectionPool.ConnectAsync(HttpRequestMessage request, Boolean async, CancellationToken cancellationToken)
   at System.Net.Http.HttpConnectionPool.CreateHttp11ConnectionAsync(HttpRequestMessage request, Boolean async, CancellationToken cancellationToken)
   at System.Net.Http.HttpConnectionPool.AddHttp11ConnectionAsync(HttpRequestMessage request)
   at System.Threading.Tasks.TaskCompletionSourceWithCancellation`1.WaitWithCancellationAsync(CancellationToken cancellationToken)
   at System.Net.Http.HttpConnectionPool.GetHttp11ConnectionAsync(HttpRequestMessage request, Boolean async, CancellationToken cancellationToken)
   at System.Net.Http.HttpConnectionPool.SendWithVersionDetectionAndRetryAsync(HttpRequestMessage request, Boolean async, Boolean doRequestAuth, CancellationToken cancellationToken)
   at System.Net.Http.DiagnosticsHandler.SendAsyncCore(HttpRequestMessage request, Boolean async, CancellationToken cancellationToken)
   at System.Net.Http.RedirectHandler.SendAsync(HttpRequestMessage request, Boolean async, CancellationToken cancellationToken)
   at Microsoft.Extensions.Http.Logging.LoggingHttpMessageHandler.SendAsync(HttpRequestMessage request, CancellationToken cancellationToken)
   at Microsoft.Extensions.Http.Logging.LoggingScopeHttpMessageHandler.SendAsync(HttpRequestMessage request, CancellationToken cancellationToken)
   at System.Net.Http.HttpClient.<SendAsync>g__Core|83_0(HttpRequestMessage request, HttpCompletionOption completionOption, CancellationTokenSource cts, Boolean disposeCts, CancellationTokenSource pendingRequestsCts, CancellationToken originalCancellationToken)
   at System.Net.Http.Json.HttpClientJsonExtensions.GetFromJsonAsyncCore[T](Task`1 taskResponse, JsonSerializerOptions options, CancellationToken cancellationToken)
   at RunningEventsSystem.BlazorServer.Services.AdminApiService.GetEventsAsync() in C:\Users\wikto\source\repos\WiktorKostera\PAB_projekt\BlazorServer\Services\AdminApiService.cs:line 46
2026-06-02 22:24:50 [ERR] Błąd pobierania listy użytkowników
System.Net.Http.HttpRequestException: Nie można nawiązać połączenia, ponieważ komputer docelowy aktywnie go odmawia. (localhost:7225)
 ---> System.Net.Sockets.SocketException (10061): Nie można nawiązać połączenia, ponieważ komputer docelowy aktywnie go odmawia.
   at System.Net.Sockets.Socket.AwaitableSocketAsyncEventArgs.ThrowException(SocketError error, CancellationToken cancellationToken)
   at System.Net.Sockets.Socket.AwaitableSocketAsyncEventArgs.System.Threading.Tasks.Sources.IValueTaskSource.GetResult(Int16 token)
   at System.Net.Sockets.Socket.<ConnectAsync>g__WaitForConnectWithCancellation|277_0(AwaitableSocketAsyncEventArgs saea, ValueTask connectTask, CancellationToken cancellationToken)
   at System.Net.Http.HttpConnectionPool.ConnectToTcpHostAsync(String host, Int32 port, HttpRequestMessage initialRequest, Boolean async, CancellationToken cancellationToken)
   --- End of inner exception stack trace ---
   at System.Net.Http.HttpConnectionPool.ConnectToTcpHostAsync(String host, Int32 port, HttpRequestMessage initialRequest, Boolean async, CancellationToken cancellationToken)
   at System.Net.Http.HttpConnectionPool.ConnectAsync(HttpRequestMessage request, Boolean async, CancellationToken cancellationToken)
   at System.Net.Http.HttpConnectionPool.CreateHttp11ConnectionAsync(HttpRequestMessage request, Boolean async, CancellationToken cancellationToken)
   at System.Net.Http.HttpConnectionPool.AddHttp11ConnectionAsync(HttpRequestMessage request)
   at System.Threading.Tasks.TaskCompletionSourceWithCancellation`1.WaitWithCancellationAsync(CancellationToken cancellationToken)
   at System.Net.Http.HttpConnectionPool.GetHttp11ConnectionAsync(HttpRequestMessage request, Boolean async, CancellationToken cancellationToken)
   at System.Net.Http.HttpConnectionPool.SendWithVersionDetectionAndRetryAsync(HttpRequestMessage request, Boolean async, Boolean doRequestAuth, CancellationToken cancellationToken)
   at System.Net.Http.DiagnosticsHandler.SendAsyncCore(HttpRequestMessage request, Boolean async, CancellationToken cancellationToken)
   at System.Net.Http.RedirectHandler.SendAsync(HttpRequestMessage request, Boolean async, CancellationToken cancellationToken)
   at Microsoft.Extensions.Http.Logging.LoggingHttpMessageHandler.SendAsync(HttpRequestMessage request, CancellationToken cancellationToken)
   at Microsoft.Extensions.Http.Logging.LoggingScopeHttpMessageHandler.SendAsync(HttpRequestMessage request, CancellationToken cancellationToken)
   at System.Net.Http.HttpClient.<SendAsync>g__Core|83_0(HttpRequestMessage request, HttpCompletionOption completionOption, CancellationTokenSource cts, Boolean disposeCts, CancellationTokenSource pendingRequestsCts, CancellationToken originalCancellationToken)
   at System.Net.Http.Json.HttpClientJsonExtensions.GetFromJsonAsyncCore[T](Task`1 taskResponse, JsonSerializerOptions options, CancellationToken cancellationToken)
   at RunningEventsSystem.BlazorServer.Services.AdminApiService.GetUsersAsync() in C:\Users\wikto\source\repos\WiktorKostera\PAB_projekt\BlazorServer\Services\AdminApiService.cs:line 85
2026-06-02 22:25:35 [ERR] Błąd pobierania listy eventów
System.Net.Http.HttpRequestException: Nie można nawiązać połączenia, ponieważ komputer docelowy aktywnie go odmawia. (localhost:7225)
 ---> System.Net.Sockets.SocketException (10061): Nie można nawiązać połączenia, ponieważ komputer docelowy aktywnie go odmawia.
   at System.Net.Sockets.Socket.AwaitableSocketAsyncEventArgs.ThrowException(SocketError error, CancellationToken cancellationToken)
   at System.Net.Sockets.Socket.AwaitableSocketAsyncEventArgs.System.Threading.Tasks.Sources.IValueTaskSource.GetResult(Int16 token)
   at System.Net.Sockets.Socket.<ConnectAsync>g__WaitForConnectWithCancellation|277_0(AwaitableSocketAsyncEventArgs saea, ValueTask connectTask, CancellationToken cancellationToken)
   at System.Net.Http.HttpConnectionPool.ConnectToTcpHostAsync(String host, Int32 port, HttpRequestMessage initialRequest, Boolean async, CancellationToken cancellationToken)
   --- End of inner exception stack trace ---
   at System.Net.Http.HttpConnectionPool.ConnectToTcpHostAsync(String host, Int32 port, HttpRequestMessage initialRequest, Boolean async, CancellationToken cancellationToken)
   at System.Net.Http.HttpConnectionPool.ConnectAsync(HttpRequestMessage request, Boolean async, CancellationToken cancellationToken)
   at System.Net.Http.HttpConnectionPool.CreateHttp11ConnectionAsync(HttpRequestMessage request, Boolean async, CancellationToken cancellationToken)
   at System.Net.Http.HttpConnectionPool.AddHttp11ConnectionAsync(HttpRequestMessage request)
   at System.Threading.Tasks.TaskCompletionSourceWithCancellation`1.WaitWithCancellationAsync(CancellationToken cancellationToken)
   at System.Net.Http.HttpConnectionPool.GetHttp11ConnectionAsync(HttpRequestMessage request, Boolean async, CancellationToken cancellationToken)
   at System.Net.Http.HttpConnectionPool.SendWithVersionDetectionAndRetryAsync(HttpRequestMessage request, Boolean async, Boolean doRequestAuth, CancellationToken cancellationToken)
   at System.Net.Http.DiagnosticsHandler.SendAsyncCore(HttpRequestMessage request, Boolean async, CancellationToken cancellationToken)
   at System.Net.Http.RedirectHandler.SendAsync(HttpRequestMessage request, Boolean async, CancellationToken cancellationToken)
   at Microsoft.Extensions.Http.Logging.LoggingHttpMessageHandler.SendAsync(HttpRequestMessage request, CancellationToken cancellationToken)
   at Microsoft.Extensions.Http.Logging.LoggingScopeHttpMessageHandler.SendAsync(HttpRequestMessage request, CancellationToken cancellationToken)
   at System.Net.Http.HttpClient.<SendAsync>g__Core|83_0(HttpRequestMessage request, HttpCompletionOption completionOption, CancellationTokenSource cts, Boolean disposeCts, CancellationTokenSource pendingRequestsCts, CancellationToken originalCancellationToken)
   at System.Net.Http.Json.HttpClientJsonExtensions.GetFromJsonAsyncCore[T](Task`1 taskResponse, JsonSerializerOptions options, CancellationToken cancellationToken)
   at RunningEventsSystem.BlazorServer.Services.AdminApiService.GetEventsAsync() in C:\Users\wikto\source\repos\WiktorKostera\PAB_projekt\BlazorServer\Services\AdminApiService.cs:line 46
2026-06-02 22:25:37 [ERR] Unhandled exception in circuit 'svqBKJl9JdlQxR0on_CCQVRxBnany9EA8x-WZAlLzcE'.
System.InvalidOperationException: Object of type 'Radzen.Blazor.RadzenDialog' does not have a property matching the name 'ChildContent'.
   at Microsoft.AspNetCore.Components.Reflection.ComponentProperties.ThrowForUnknownIncomingParameterName(Type targetType, String parameterName)
   at Microsoft.AspNetCore.Components.Reflection.ComponentProperties.SetProperties(ParameterView& parameters, Object target)
   at Microsoft.AspNetCore.Components.ParameterView.SetParameterProperties(Object target)
   at Microsoft.AspNetCore.Components.ComponentBase.SetParametersAsync(ParameterView parameters)
   at Microsoft.AspNetCore.Components.Rendering.ComponentState.SupplyCombinedParameters(ParameterView directAndCascadingParameters)
2026-06-02 22:25:37 [ERR] Unhandled exception in circuit 'svqBKJl9JdlQxR0on_CCQVRxBnany9EA8x-WZAlLzcE'.
System.ObjectDisposedException: Cannot access a disposed object.
   at Microsoft.AspNetCore.Components.RenderTree.ArrayBuilder`1.ThrowObjectDisposedException()
   at Microsoft.AspNetCore.Components.RenderTree.ArrayBuilder`1.GrowBuffer(Int32 desiredCapacity)
   at Microsoft.AspNetCore.Components.RenderTree.ArrayBuilder`1.Append(T[] source, Int32 startIndex, Int32 length)
   at Microsoft.AspNetCore.Components.RenderTree.RenderTreeDiffBuilder.InsertNewFrame(DiffContext& diffContext, Int32 newFrameIndex)
   at Microsoft.AspNetCore.Components.RenderTree.RenderTreeDiffBuilder.AppendDiffEntriesForRange(DiffContext& diffContext, Int32 oldStartIndex, Int32 oldEndIndexExcl, Int32 newStartIndex, Int32 newEndIndexExcl)
   at Microsoft.AspNetCore.Components.RenderTree.RenderTreeDiffBuilder.ComputeDiff(Renderer renderer, RenderBatchBuilder batchBuilder, Int32 componentId, ArrayRange`1 oldTree, ArrayRange`1 newTree)
   at Microsoft.AspNetCore.Components.Rendering.ComponentState.RenderIntoBatch(RenderBatchBuilder batchBuilder, RenderFragment renderFragment, Exception& renderFragmentException)
   at Microsoft.AspNetCore.Components.RenderTree.Renderer.ProcessRenderQueue()
2026-06-02 22:26:41 [ERR] Błąd pobierania listy eventów
System.Net.Http.HttpRequestException: Nie można nawiązać połączenia, ponieważ komputer docelowy aktywnie go odmawia. (localhost:7225)
 ---> System.Net.Sockets.SocketException (10061): Nie można nawiązać połączenia, ponieważ komputer docelowy aktywnie go odmawia.
   at System.Net.Sockets.Socket.AwaitableSocketAsyncEventArgs.ThrowException(SocketError error, CancellationToken cancellationToken)
   at System.Net.Sockets.Socket.AwaitableSocketAsyncEventArgs.System.Threading.Tasks.Sources.IValueTaskSource.GetResult(Int16 token)
   at System.Net.Sockets.Socket.<ConnectAsync>g__WaitForConnectWithCancellation|277_0(AwaitableSocketAsyncEventArgs saea, ValueTask connectTask, CancellationToken cancellationToken)
   at System.Net.Http.HttpConnectionPool.ConnectToTcpHostAsync(String host, Int32 port, HttpRequestMessage initialRequest, Boolean async, CancellationToken cancellationToken)
   --- End of inner exception stack trace ---
   at System.Net.Http.HttpConnectionPool.ConnectToTcpHostAsync(String host, Int32 port, HttpRequestMessage initialRequest, Boolean async, CancellationToken cancellationToken)
   at System.Net.Http.HttpConnectionPool.ConnectAsync(HttpRequestMessage request, Boolean async, CancellationToken cancellationToken)
   at System.Net.Http.HttpConnectionPool.CreateHttp11ConnectionAsync(HttpRequestMessage request, Boolean async, CancellationToken cancellationToken)
   at System.Net.Http.HttpConnectionPool.AddHttp11ConnectionAsync(HttpRequestMessage request)
   at System.Threading.Tasks.TaskCompletionSourceWithCancellation`1.WaitWithCancellationAsync(CancellationToken cancellationToken)
   at System.Net.Http.HttpConnectionPool.GetHttp11ConnectionAsync(HttpRequestMessage request, Boolean async, CancellationToken cancellationToken)
   at System.Net.Http.HttpConnectionPool.SendWithVersionDetectionAndRetryAsync(HttpRequestMessage request, Boolean async, Boolean doRequestAuth, CancellationToken cancellationToken)
   at System.Net.Http.DiagnosticsHandler.SendAsyncCore(HttpRequestMessage request, Boolean async, CancellationToken cancellationToken)
   at System.Net.Http.RedirectHandler.SendAsync(HttpRequestMessage request, Boolean async, CancellationToken cancellationToken)
   at Microsoft.Extensions.Http.Logging.LoggingHttpMessageHandler.SendAsync(HttpRequestMessage request, CancellationToken cancellationToken)
   at Microsoft.Extensions.Http.Logging.LoggingScopeHttpMessageHandler.SendAsync(HttpRequestMessage request, CancellationToken cancellationToken)
   at System.Net.Http.HttpClient.<SendAsync>g__Core|83_0(HttpRequestMessage request, HttpCompletionOption completionOption, CancellationTokenSource cts, Boolean disposeCts, CancellationTokenSource pendingRequestsCts, CancellationToken originalCancellationToken)
   at System.Net.Http.Json.HttpClientJsonExtensions.GetFromJsonAsyncCore[T](Task`1 taskResponse, JsonSerializerOptions options, CancellationToken cancellationToken)
   at RunningEventsSystem.BlazorServer.Services.AdminApiService.GetEventsAsync() in C:\Users\wikto\source\repos\WiktorKostera\PAB_projekt\BlazorServer\Services\AdminApiService.cs:line 46
2026-06-02 22:26:45 [ERR] Błąd pobierania listy eventów
System.Net.Http.HttpRequestException: Nie można nawiązać połączenia, ponieważ komputer docelowy aktywnie go odmawia. (localhost:7225)
 ---> System.Net.Sockets.SocketException (10061): Nie można nawiązać połączenia, ponieważ komputer docelowy aktywnie go odmawia.
   at System.Net.Sockets.Socket.AwaitableSocketAsyncEventArgs.ThrowException(SocketError error, CancellationToken cancellationToken)
   at System.Net.Sockets.Socket.AwaitableSocketAsyncEventArgs.System.Threading.Tasks.Sources.IValueTaskSource.GetResult(Int16 token)
   at System.Net.Sockets.Socket.<ConnectAsync>g__WaitForConnectWithCancellation|277_0(AwaitableSocketAsyncEventArgs saea, ValueTask connectTask, CancellationToken cancellationToken)
   at System.Net.Http.HttpConnectionPool.ConnectToTcpHostAsync(String host, Int32 port, HttpRequestMessage initialRequest, Boolean async, CancellationToken cancellationToken)
   --- End of inner exception stack trace ---
   at System.Net.Http.HttpConnectionPool.ConnectToTcpHostAsync(String host, Int32 port, HttpRequestMessage initialRequest, Boolean async, CancellationToken cancellationToken)
   at System.Net.Http.HttpConnectionPool.ConnectAsync(HttpRequestMessage request, Boolean async, CancellationToken cancellationToken)
   at System.Net.Http.HttpConnectionPool.CreateHttp11ConnectionAsync(HttpRequestMessage request, Boolean async, CancellationToken cancellationToken)
   at System.Net.Http.HttpConnectionPool.AddHttp11ConnectionAsync(HttpRequestMessage request)
   at System.Threading.Tasks.TaskCompletionSourceWithCancellation`1.WaitWithCancellationAsync(CancellationToken cancellationToken)
   at System.Net.Http.HttpConnectionPool.GetHttp11ConnectionAsync(HttpRequestMessage request, Boolean async, CancellationToken cancellationToken)
   at System.Net.Http.HttpConnectionPool.SendWithVersionDetectionAndRetryAsync(HttpRequestMessage request, Boolean async, Boolean doRequestAuth, CancellationToken cancellationToken)
   at System.Net.Http.DiagnosticsHandler.SendAsyncCore(HttpRequestMessage request, Boolean async, CancellationToken cancellationToken)
   at System.Net.Http.RedirectHandler.SendAsync(HttpRequestMessage request, Boolean async, CancellationToken cancellationToken)
   at Microsoft.Extensions.Http.Logging.LoggingHttpMessageHandler.SendAsync(HttpRequestMessage request, CancellationToken cancellationToken)
   at Microsoft.Extensions.Http.Logging.LoggingScopeHttpMessageHandler.SendAsync(HttpRequestMessage request, CancellationToken cancellationToken)
   at System.Net.Http.HttpClient.<SendAsync>g__Core|83_0(HttpRequestMessage request, HttpCompletionOption completionOption, CancellationTokenSource cts, Boolean disposeCts, CancellationTokenSource pendingRequestsCts, CancellationToken originalCancellationToken)
   at System.Net.Http.Json.HttpClientJsonExtensions.GetFromJsonAsyncCore[T](Task`1 taskResponse, JsonSerializerOptions options, CancellationToken cancellationToken)
   at RunningEventsSystem.BlazorServer.Services.AdminApiService.GetEventsAsync() in C:\Users\wikto\source\repos\WiktorKostera\PAB_projekt\BlazorServer\Services\AdminApiService.cs:line 46
2026-06-02 22:26:46 [ERR] Unhandled exception in circuit 'YH1LOnfASADTiwHvHxF86jhL02k7bTt6Q78c5cF9hqM'.
System.ArgumentException: 'Field' is not a member of type 'System.ValueTuple`2[System.String,System.String]' (Parameter 'propertyOrFieldName')
   at System.Linq.Expressions.Expression.PropertyOrField(Expression expression, String propertyOrFieldName)
   at Radzen.PropertyAccess.Getter[TItem,TValue](String propertyName, Type type)
   at Radzen.DropDownBase`1.OnParametersSet()
   at Microsoft.AspNetCore.Components.ComponentBase.CallOnParametersSetAsync()
   at Microsoft.AspNetCore.Components.ComponentBase.RunInitAndSetParametersAsync()
   at Radzen.RadzenComponent.SetParametersAsync(ParameterView parameters)
   at Radzen.DataBoundFormComponent`1.SetParametersAsync(ParameterView parameters)
   at Radzen.DropDownBase`1.SetParametersAsync(ParameterView parameters)
   at Radzen.Blazor.RadzenDropDown`1.SetParametersAsync(ParameterView parameters)
2026-06-02 22:26:46 [ERR] Unhandled exception in circuit 'YH1LOnfASADTiwHvHxF86jhL02k7bTt6Q78c5cF9hqM'.
System.ObjectDisposedException: Cannot access a disposed object.
   at Microsoft.AspNetCore.Components.RenderTree.ArrayBuilder`1.ThrowObjectDisposedException()
   at Microsoft.AspNetCore.Components.RenderTree.ArrayBuilder`1.GrowBuffer(Int32 desiredCapacity)
   at Microsoft.AspNetCore.Components.RenderTree.RenderTreeDiffBuilder.InsertNewFrame(DiffContext& diffContext, Int32 newFrameIndex)
   at Microsoft.AspNetCore.Components.RenderTree.RenderTreeDiffBuilder.AppendDiffEntriesForRange(DiffContext& diffContext, Int32 oldStartIndex, Int32 oldEndIndexExcl, Int32 newStartIndex, Int32 newEndIndexExcl)
   at Microsoft.AspNetCore.Components.RenderTree.RenderTreeDiffBuilder.ComputeDiff(Renderer renderer, RenderBatchBuilder batchBuilder, Int32 componentId, ArrayRange`1 oldTree, ArrayRange`1 newTree)
   at Microsoft.AspNetCore.Components.Rendering.ComponentState.RenderIntoBatch(RenderBatchBuilder batchBuilder, RenderFragment renderFragment, Exception& renderFragmentException)
   at Microsoft.AspNetCore.Components.RenderTree.Renderer.ProcessRenderQueue()
2026-06-02 22:26:50 [ERR] Błąd pobierania listy użytkowników
System.Net.Http.HttpRequestException: Nie można nawiązać połączenia, ponieważ komputer docelowy aktywnie go odmawia. (localhost:7225)
 ---> System.Net.Sockets.SocketException (10061): Nie można nawiązać połączenia, ponieważ komputer docelowy aktywnie go odmawia.
   at System.Net.Sockets.Socket.AwaitableSocketAsyncEventArgs.ThrowException(SocketError error, CancellationToken cancellationToken)
   at System.Net.Sockets.Socket.AwaitableSocketAsyncEventArgs.System.Threading.Tasks.Sources.IValueTaskSource.GetResult(Int16 token)
   at System.Net.Sockets.Socket.<ConnectAsync>g__WaitForConnectWithCancellation|277_0(AwaitableSocketAsyncEventArgs saea, ValueTask connectTask, CancellationToken cancellationToken)
   at System.Net.Http.HttpConnectionPool.ConnectToTcpHostAsync(String host, Int32 port, HttpRequestMessage initialRequest, Boolean async, CancellationToken cancellationToken)
   --- End of inner exception stack trace ---
   at System.Net.Http.HttpConnectionPool.ConnectToTcpHostAsync(String host, Int32 port, HttpRequestMessage initialRequest, Boolean async, CancellationToken cancellationToken)
   at System.Net.Http.HttpConnectionPool.ConnectAsync(HttpRequestMessage request, Boolean async, CancellationToken cancellationToken)
   at System.Net.Http.HttpConnectionPool.CreateHttp11ConnectionAsync(HttpRequestMessage request, Boolean async, CancellationToken cancellationToken)
   at System.Net.Http.HttpConnectionPool.AddHttp11ConnectionAsync(HttpRequestMessage request)
   at System.Threading.Tasks.TaskCompletionSourceWithCancellation`1.WaitWithCancellationAsync(CancellationToken cancellationToken)
   at System.Net.Http.HttpConnectionPool.GetHttp11ConnectionAsync(HttpRequestMessage request, Boolean async, CancellationToken cancellationToken)
   at System.Net.Http.HttpConnectionPool.SendWithVersionDetectionAndRetryAsync(HttpRequestMessage request, Boolean async, Boolean doRequestAuth, CancellationToken cancellationToken)
   at System.Net.Http.DiagnosticsHandler.SendAsyncCore(HttpRequestMessage request, Boolean async, CancellationToken cancellationToken)
   at System.Net.Http.RedirectHandler.SendAsync(HttpRequestMessage request, Boolean async, CancellationToken cancellationToken)
   at Microsoft.Extensions.Http.Logging.LoggingHttpMessageHandler.SendAsync(HttpRequestMessage request, CancellationToken cancellationToken)
   at Microsoft.Extensions.Http.Logging.LoggingScopeHttpMessageHandler.SendAsync(HttpRequestMessage request, CancellationToken cancellationToken)
   at System.Net.Http.HttpClient.<SendAsync>g__Core|83_0(HttpRequestMessage request, HttpCompletionOption completionOption, CancellationTokenSource cts, Boolean disposeCts, CancellationTokenSource pendingRequestsCts, CancellationToken originalCancellationToken)
   at System.Net.Http.Json.HttpClientJsonExtensions.GetFromJsonAsyncCore[T](Task`1 taskResponse, JsonSerializerOptions options, CancellationToken cancellationToken)
   at RunningEventsSystem.BlazorServer.Services.AdminApiService.GetUsersAsync() in C:\Users\wikto\source\repos\WiktorKostera\PAB_projekt\BlazorServer\Services\AdminApiService.cs:line 85
2026-06-02 22:52:54 [ERR] An error occurred while reading the key ring.
System.UnauthorizedAccessException: Access to the path 'C:\Users\wikto\AppData\Local\ASP.NET\DataProtection-Keys' is denied.
   at System.IO.Enumeration.FileSystemEnumerator`1.CreateDirectoryHandle(String path, Boolean ignoreNotFound)
   at System.IO.Enumeration.FileSystemEnumerator`1.Init()
   at System.IO.Enumeration.FileSystemEnumerator`1..ctor(String directory, Boolean isNormalized, EnumerationOptions options)
   at System.IO.Enumeration.FileSystemEnumerable`1..ctor(String directory, FindTransform transform, EnumerationOptions options, Boolean isNormalized)
   at System.IO.Enumeration.FileSystemEnumerableFactory.FileSystemInfos(String directory, String expression, EnumerationOptions options, Boolean isNormalized)
   at System.IO.DirectoryInfo.InternalEnumerateInfos(String path, String searchPattern, SearchTarget searchTarget, EnumerationOptions options)
   at System.IO.DirectoryInfo.EnumerateFileSystemInfos(String searchPattern, SearchOption searchOption)
   at Microsoft.AspNetCore.DataProtection.Repositories.FileSystemXmlRepository.GetAllElementsCore()+MoveNext()
   at System.Collections.Generic.List`1..ctor(IEnumerable`1 collection)
   at System.Linq.Enumerable.ToList[TSource](IEnumerable`1 source)
   at Microsoft.AspNetCore.DataProtection.Repositories.FileSystemXmlRepository.GetAllElements()
   at Microsoft.AspNetCore.DataProtection.KeyManagement.XmlKeyManager.GetAllKeys()
   at Microsoft.AspNetCore.DataProtection.KeyManagement.KeyRingProvider.CreateCacheableKeyRingCore(DateTimeOffset now, IKey keyJustAdded)
   at Microsoft.AspNetCore.DataProtection.KeyManagement.KeyRingProvider.Microsoft.AspNetCore.DataProtection.KeyManagement.Internal.ICacheableKeyRingProvider.GetCacheableKeyRing(DateTimeOffset now)
   at Microsoft.AspNetCore.DataProtection.KeyManagement.KeyRingProvider.GetCurrentKeyRingCore(DateTime utcNow, Boolean forceRefresh)
2026-06-02 22:53:01 [ERR] An error occurred while reading the key ring.
System.UnauthorizedAccessException: Access to the path 'C:\Users\wikto\AppData\Local\ASP.NET\DataProtection-Keys' is denied.
   at System.IO.Enumeration.FileSystemEnumerator`1.CreateDirectoryHandle(String path, Boolean ignoreNotFound)
   at System.IO.Enumeration.FileSystemEnumerator`1.Init()
   at System.IO.Enumeration.FileSystemEnumerator`1..ctor(String directory, Boolean isNormalized, EnumerationOptions options)
   at System.IO.Enumeration.FileSystemEnumerable`1..ctor(String directory, FindTransform transform, EnumerationOptions options, Boolean isNormalized)
   at System.IO.Enumeration.FileSystemEnumerableFactory.FileSystemInfos(String directory, String expression, EnumerationOptions options, Boolean isNormalized)
   at System.IO.DirectoryInfo.InternalEnumerateInfos(String path, String searchPattern, SearchTarget searchTarget, EnumerationOptions options)
   at System.IO.DirectoryInfo.EnumerateFileSystemInfos(String searchPattern, SearchOption searchOption)
   at Microsoft.AspNetCore.DataProtection.Repositories.FileSystemXmlRepository.GetAllElementsCore()+MoveNext()
   at System.Collections.Generic.List`1..ctor(IEnumerable`1 collection)
   at System.Linq.Enumerable.ToList[TSource](IEnumerable`1 source)
   at Microsoft.AspNetCore.DataProtection.Repositories.FileSystemXmlRepository.GetAllElements()
   at Microsoft.AspNetCore.DataProtection.KeyManagement.XmlKeyManager.GetAllKeys()
   at Microsoft.AspNetCore.DataProtection.KeyManagement.KeyRingProvider.CreateCacheableKeyRingCore(DateTimeOffset now, IKey keyJustAdded)
   at Microsoft.AspNetCore.DataProtection.KeyManagement.KeyRingProvider.Microsoft.AspNetCore.DataProtection.KeyManagement.Internal.ICacheableKeyRingProvider.GetCacheableKeyRing(DateTimeOffset now)
   at Microsoft.AspNetCore.DataProtection.KeyManagement.KeyRingProvider.GetCurrentKeyRingCore(DateTime utcNow, Boolean forceRefresh)
2026-06-02 22:53:01 [ERR] An unhandled exception has occurred while executing the request.
System.Security.Cryptography.CryptographicException: An error occurred while trying to encrypt the provided data. Refer to the inner exception for more information. For more information go to http://aka.ms/dataprotectionwarning
 ---> System.UnauthorizedAccessException: Access to the path 'C:\Users\wikto\AppData\Local\ASP.NET\DataProtection-Keys' is denied.
   at System.IO.Enumeration.FileSystemEnumerator`1.CreateDirectoryHandle(String path, Boolean ignoreNotFound)
   at System.IO.Enumeration.FileSystemEnumerator`1.Init()
   at System.IO.Enumeration.FileSystemEnumerator`1..ctor(String directory, Boolean isNormalized, EnumerationOptions options)
   at System.IO.Enumeration.FileSystemEnumerable`1..ctor(String directory, FindTransform transform, EnumerationOptions options, Boolean isNormalized)
   at System.IO.Enumeration.FileSystemEnumerableFactory.FileSystemInfos(String directory, String expression, EnumerationOptions options, Boolean isNormalized)
   at System.IO.DirectoryInfo.InternalEnumerateInfos(String path, String searchPattern, SearchTarget searchTarget, EnumerationOptions options)
   at System.IO.DirectoryInfo.EnumerateFileSystemInfos(String searchPattern, SearchOption searchOption)
   at Microsoft.AspNetCore.DataProtection.Repositories.FileSystemXmlRepository.GetAllElementsCore()+MoveNext()
   at System.Collections.Generic.List`1..ctor(IEnumerable`1 collection)
   at System.Linq.Enumerable.ToList[TSource](IEnumerable`1 source)
   at Microsoft.AspNetCore.DataProtection.Repositories.FileSystemXmlRepository.GetAllElements()
   at Microsoft.AspNetCore.DataProtection.KeyManagement.XmlKeyManager.GetAllKeys()
   at Microsoft.AspNetCore.DataProtection.KeyManagement.KeyRingProvider.CreateCacheableKeyRingCore(DateTimeOffset now, IKey keyJustAdded)
   at Microsoft.AspNetCore.DataProtection.KeyManagement.KeyRingProvider.Microsoft.AspNetCore.DataProtection.KeyManagement.Internal.ICacheableKeyRingProvider.GetCacheableKeyRing(DateTimeOffset now)
   at Microsoft.AspNetCore.DataProtection.KeyManagement.KeyRingProvider.GetCurrentKeyRingCore(DateTime utcNow, Boolean forceRefresh)
   at Microsoft.AspNetCore.DataProtection.KeyManagement.KeyRingProvider.GetCurrentKeyRing()
   at Microsoft.AspNetCore.DataProtection.KeyManagement.KeyRingBasedDataProtector.Protect(Byte[] plaintext)
   --- End of inner exception stack trace ---
   at Microsoft.AspNetCore.DataProtection.KeyManagement.KeyRingBasedDataProtector.Protect(Byte[] plaintext)
   at Microsoft.AspNetCore.DataProtection.TimeLimitedDataProtector.Protect(Byte[] plaintext, DateTimeOffset expiration)
   at Microsoft.AspNetCore.DataProtection.DataProtectionAdvancedExtensions.Protect(ITimeLimitedDataProtector protector, Byte[] plaintext, TimeSpan lifetime)
   at Microsoft.AspNetCore.Mvc.ViewFeatures.ServerComponentSerializer.CreateSerializedServerComponent(ServerComponentInvocationSequence invocationId, Type rootComponent, ParameterView parameters)
   at Microsoft.AspNetCore.Mvc.ViewFeatures.ComponentRenderer.PrerenderedServerComponentAsync(HttpContext context, ServerComponentInvocationSequence invocationId, Type type, ParameterView parametersCollection)
   at Microsoft.AspNetCore.Mvc.ViewFeatures.ComponentRenderer.RenderComponentAsync(ViewContext viewContext, Type componentType, RenderMode renderMode, Object parameters)
   at Microsoft.AspNetCore.Mvc.TagHelpers.ComponentTagHelper.ProcessAsync(TagHelperContext context, TagHelperOutput output)
   at Microsoft.AspNetCore.Razor.Runtime.TagHelpers.TagHelperRunner.<RunAsync>g__Awaited|0_0(Task task, TagHelperExecutionContext executionContext, Int32 i, Int32 count)
   at RunningEventsSystem.BlazorServer.Pages.Pages__Host.<ExecuteAsync>b__14_1()
   at Microsoft.AspNetCore.Razor.Runtime.TagHelpers.TagHelperExecutionContext.SetOutputContentAsync()
   at RunningEventsSystem.BlazorServer.Pages.Pages__Host.ExecuteAsync() in C:\Users\wikto\source\repos\WiktorKostera\PAB_projekt\BlazorServer\Pages\_Host.cshtml:line 5
   at Microsoft.AspNetCore.Mvc.Razor.RazorView.RenderPageCoreAsync(IRazorPage page, ViewContext context)
   at Microsoft.AspNetCore.Mvc.Razor.RazorView.RenderPageAsync(IRazorPage page, ViewContext context, Boolean invokeViewStarts)
   at Microsoft.AspNetCore.Mvc.Razor.RazorView.RenderAsync(ViewContext context)
   at Microsoft.AspNetCore.Mvc.ViewFeatures.ViewExecutor.ExecuteAsync(ViewContext viewContext, String contentType, Nullable`1 statusCode)
   at Microsoft.AspNetCore.Mvc.ViewFeatures.ViewExecutor.ExecuteAsync(ViewContext viewContext, String contentType, Nullable`1 statusCode)
   at Microsoft.AspNetCore.Mvc.Infrastructure.ResourceInvoker.<InvokeNextResultFilterAsync>g__Awaited|30_0[TFilter,TFilterAsync](ResourceInvoker invoker, Task lastTask, State next, Scope scope, Object state, Boolean isCompleted)
   at Microsoft.AspNetCore.Mvc.Infrastructure.ResourceInvoker.Rethrow(ResultExecutedContextSealed context)
   at Microsoft.AspNetCore.Mvc.Infrastructure.ResourceInvoker.ResultNext[TFilter,TFilterAsync](State& next, Scope& scope, Object& state, Boolean& isCompleted)
   at Microsoft.AspNetCore.Mvc.Infrastructure.ResourceInvoker.InvokeResultFilters()
--- End of stack trace from previous location ---
   at Microsoft.AspNetCore.Mvc.Infrastructure.ResourceInvoker.<InvokeNextResourceFilter>g__Awaited|25_0(ResourceInvoker invoker, Task lastTask, State next, Scope scope, Object state, Boolean isCompleted)
   at Microsoft.AspNetCore.Mvc.Infrastructure.ResourceInvoker.Rethrow(ResourceExecutedContextSealed context)
   at Microsoft.AspNetCore.Mvc.Infrastructure.ResourceInvoker.Next(State& next, Scope& scope, Object& state, Boolean& isCompleted)
   at Microsoft.AspNetCore.Mvc.Infrastructure.ResourceInvoker.InvokeFilterPipelineAsync()
--- End of stack trace from previous location ---
   at Microsoft.AspNetCore.Mvc.Infrastructure.ResourceInvoker.<InvokeAsync>g__Awaited|17_0(ResourceInvoker invoker, Task task, IDisposable scope)
   at Microsoft.AspNetCore.Mvc.Infrastructure.ResourceInvoker.<InvokeAsync>g__Awaited|17_0(ResourceInvoker invoker, Task task, IDisposable scope)
   at Microsoft.AspNetCore.Routing.EndpointMiddleware.<Invoke>g__AwaitRequestTask|6_0(Endpoint endpoint, Task requestTask, ILogger logger)
   at Microsoft.AspNetCore.Diagnostics.ExceptionHandlerMiddleware.<Invoke>g__Awaited|6_0(ExceptionHandlerMiddleware middleware, HttpContext context, Task task)
2026-06-02 22:53:01 [ERR] An error occurred while reading the key ring.
System.UnauthorizedAccessException: Access to the path 'C:\Users\wikto\AppData\Local\ASP.NET\DataProtection-Keys' is denied.
   at System.IO.Enumeration.FileSystemEnumerator`1.CreateDirectoryHandle(String path, Boolean ignoreNotFound)
   at System.IO.Enumeration.FileSystemEnumerator`1.Init()
   at System.IO.Enumeration.FileSystemEnumerator`1..ctor(String directory, Boolean isNormalized, EnumerationOptions options)
   at System.IO.Enumeration.FileSystemEnumerable`1..ctor(String directory, FindTransform transform, EnumerationOptions options, Boolean isNormalized)
   at System.IO.Enumeration.FileSystemEnumerableFactory.FileSystemInfos(String directory, String expression, EnumerationOptions options, Boolean isNormalized)
   at System.IO.DirectoryInfo.InternalEnumerateInfos(String path, String searchPattern, SearchTarget searchTarget, EnumerationOptions options)
   at System.IO.DirectoryInfo.EnumerateFileSystemInfos(String searchPattern, SearchOption searchOption)
   at Microsoft.AspNetCore.DataProtection.Repositories.FileSystemXmlRepository.GetAllElementsCore()+MoveNext()
   at System.Collections.Generic.List`1..ctor(IEnumerable`1 collection)
   at System.Linq.Enumerable.ToList[TSource](IEnumerable`1 source)
   at Microsoft.AspNetCore.DataProtection.Repositories.FileSystemXmlRepository.GetAllElements()
   at Microsoft.AspNetCore.DataProtection.KeyManagement.XmlKeyManager.GetAllKeys()
   at Microsoft.AspNetCore.DataProtection.KeyManagement.KeyRingProvider.CreateCacheableKeyRingCore(DateTimeOffset now, IKey keyJustAdded)
   at Microsoft.AspNetCore.DataProtection.KeyManagement.KeyRingProvider.Microsoft.AspNetCore.DataProtection.KeyManagement.Internal.ICacheableKeyRingProvider.GetCacheableKeyRing(DateTimeOffset now)
   at Microsoft.AspNetCore.DataProtection.KeyManagement.KeyRingProvider.GetCurrentKeyRingCore(DateTime utcNow, Boolean forceRefresh)
2026-06-02 22:53:01 [ERR] An exception was thrown attempting to execute the error handler.
System.Security.Cryptography.CryptographicException: An error occurred while trying to encrypt the provided data. Refer to the inner exception for more information. For more information go to http://aka.ms/dataprotectionwarning
 ---> System.UnauthorizedAccessException: Access to the path 'C:\Users\wikto\AppData\Local\ASP.NET\DataProtection-Keys' is denied.
   at System.IO.Enumeration.FileSystemEnumerator`1.CreateDirectoryHandle(String path, Boolean ignoreNotFound)
   at System.IO.Enumeration.FileSystemEnumerator`1.Init()
   at System.IO.Enumeration.FileSystemEnumerator`1..ctor(String directory, Boolean isNormalized, EnumerationOptions options)
   at System.IO.Enumeration.FileSystemEnumerable`1..ctor(String directory, FindTransform transform, EnumerationOptions options, Boolean isNormalized)
   at System.IO.Enumeration.FileSystemEnumerableFactory.FileSystemInfos(String directory, String expression, EnumerationOptions options, Boolean isNormalized)
   at System.IO.DirectoryInfo.InternalEnumerateInfos(String path, String searchPattern, SearchTarget searchTarget, EnumerationOptions options)
   at System.IO.DirectoryInfo.EnumerateFileSystemInfos(String searchPattern, SearchOption searchOption)
   at Microsoft.AspNetCore.DataProtection.Repositories.FileSystemXmlRepository.GetAllElementsCore()+MoveNext()
   at System.Collections.Generic.List`1..ctor(IEnumerable`1 collection)
   at System.Linq.Enumerable.ToList[TSource](IEnumerable`1 source)
   at Microsoft.AspNetCore.DataProtection.Repositories.FileSystemXmlRepository.GetAllElements()
   at Microsoft.AspNetCore.DataProtection.KeyManagement.XmlKeyManager.GetAllKeys()
   at Microsoft.AspNetCore.DataProtection.KeyManagement.KeyRingProvider.CreateCacheableKeyRingCore(DateTimeOffset now, IKey keyJustAdded)
   at Microsoft.AspNetCore.DataProtection.KeyManagement.KeyRingProvider.Microsoft.AspNetCore.DataProtection.KeyManagement.Internal.ICacheableKeyRingProvider.GetCacheableKeyRing(DateTimeOffset now)
   at Microsoft.AspNetCore.DataProtection.KeyManagement.KeyRingProvider.GetCurrentKeyRingCore(DateTime utcNow, Boolean forceRefresh)
   at Microsoft.AspNetCore.DataProtection.KeyManagement.KeyRingProvider.GetCurrentKeyRing()
   at Microsoft.AspNetCore.DataProtection.KeyManagement.KeyRingBasedDataProtector.Protect(Byte[] plaintext)
   --- End of inner exception stack trace ---
   at Microsoft.AspNetCore.DataProtection.KeyManagement.KeyRingBasedDataProtector.Protect(Byte[] plaintext)
   at Microsoft.AspNetCore.DataProtection.TimeLimitedDataProtector.Protect(Byte[] plaintext, DateTimeOffset expiration)
   at Microsoft.AspNetCore.DataProtection.DataProtectionAdvancedExtensions.Protect(ITimeLimitedDataProtector protector, Byte[] plaintext, TimeSpan lifetime)
   at Microsoft.AspNetCore.Mvc.ViewFeatures.ServerComponentSerializer.CreateSerializedServerComponent(ServerComponentInvocationSequence invocationId, Type rootComponent, ParameterView parameters)
   at Microsoft.AspNetCore.Mvc.ViewFeatures.ComponentRenderer.PrerenderedServerComponentAsync(HttpContext context, ServerComponentInvocationSequence invocationId, Type type, ParameterView parametersCollection)
   at Microsoft.AspNetCore.Mvc.ViewFeatures.ComponentRenderer.RenderComponentAsync(ViewContext viewContext, Type componentType, RenderMode renderMode, Object parameters)
   at Microsoft.AspNetCore.Mvc.TagHelpers.ComponentTagHelper.ProcessAsync(TagHelperContext context, TagHelperOutput output)
   at Microsoft.AspNetCore.Razor.Runtime.TagHelpers.TagHelperRunner.<RunAsync>g__Awaited|0_0(Task task, TagHelperExecutionContext executionContext, Int32 i, Int32 count)
   at RunningEventsSystem.BlazorServer.Pages.Pages__Host.<ExecuteAsync>b__14_1()
   at Microsoft.AspNetCore.Razor.Runtime.TagHelpers.TagHelperExecutionContext.SetOutputContentAsync()
   at RunningEventsSystem.BlazorServer.Pages.Pages__Host.ExecuteAsync() in C:\Users\wikto\source\repos\WiktorKostera\PAB_projekt\BlazorServer\Pages\_Host.cshtml:line 5
   at Microsoft.AspNetCore.Mvc.Razor.RazorView.RenderPageCoreAsync(IRazorPage page, ViewContext context)
   at Microsoft.AspNetCore.Mvc.Razor.RazorView.RenderPageAsync(IRazorPage page, ViewContext context, Boolean invokeViewStarts)
   at Microsoft.AspNetCore.Mvc.Razor.RazorView.RenderAsync(ViewContext context)
   at Microsoft.AspNetCore.Mvc.ViewFeatures.ViewExecutor.ExecuteAsync(ViewContext viewContext, String contentType, Nullable`1 statusCode)
   at Microsoft.AspNetCore.Mvc.ViewFeatures.ViewExecutor.ExecuteAsync(ViewContext viewContext, String contentType, Nullable`1 statusCode)
   at Microsoft.AspNetCore.Mvc.Infrastructure.ResourceInvoker.<InvokeNextResultFilterAsync>g__Awaited|30_0[TFilter,TFilterAsync](ResourceInvoker invoker, Task lastTask, State next, Scope scope, Object state, Boolean isCompleted)
   at Microsoft.AspNetCore.Mvc.Infrastructure.ResourceInvoker.Rethrow(ResultExecutedContextSealed context)
   at Microsoft.AspNetCore.Mvc.Infrastructure.ResourceInvoker.ResultNext[TFilter,TFilterAsync](State& next, Scope& scope, Object& state, Boolean& isCompleted)
   at Microsoft.AspNetCore.Mvc.Infrastructure.ResourceInvoker.InvokeResultFilters()
--- End of stack trace from previous location ---
   at Microsoft.AspNetCore.Mvc.Infrastructure.ResourceInvoker.<InvokeNextResourceFilter>g__Awaited|25_0(ResourceInvoker invoker, Task lastTask, State next, Scope scope, Object state, Boolean isCompleted)
   at Microsoft.AspNetCore.Mvc.Infrastructure.ResourceInvoker.Rethrow(ResourceExecutedContextSealed context)
   at Microsoft.AspNetCore.Mvc.Infrastructure.ResourceInvoker.Next(State& next, Scope& scope, Object& state, Boolean& isCompleted)
   at Microsoft.AspNetCore.Mvc.Infrastructure.ResourceInvoker.InvokeFilterPipelineAsync()
--- End of stack trace from previous location ---
   at Microsoft.AspNetCore.Mvc.Infrastructure.ResourceInvoker.<InvokeAsync>g__Awaited|17_0(ResourceInvoker invoker, Task task, IDisposable scope)
   at Microsoft.AspNetCore.Mvc.Infrastructure.ResourceInvoker.<InvokeAsync>g__Awaited|17_0(ResourceInvoker invoker, Task task, IDisposable scope)
   at Microsoft.AspNetCore.Routing.EndpointMiddleware.<Invoke>g__AwaitRequestTask|6_0(Endpoint endpoint, Task requestTask, ILogger logger)
   at Microsoft.AspNetCore.Diagnostics.ExceptionHandlerMiddleware.HandleException(HttpContext context, ExceptionDispatchInfo edi)
2026-06-02 22:53:01 [ERR] Connection id "0HNM0T3NNKTTE", Request id "0HNM0T3NNKTTE:00000002": An unhandled exception was thrown by the application.
System.Security.Cryptography.CryptographicException: An error occurred while trying to encrypt the provided data. Refer to the inner exception for more information. For more information go to http://aka.ms/dataprotectionwarning
 ---> System.UnauthorizedAccessException: Access to the path 'C:\Users\wikto\AppData\Local\ASP.NET\DataProtection-Keys' is denied.
   at System.IO.Enumeration.FileSystemEnumerator`1.CreateDirectoryHandle(String path, Boolean ignoreNotFound)
   at System.IO.Enumeration.FileSystemEnumerator`1.Init()
   at System.IO.Enumeration.FileSystemEnumerator`1..ctor(String directory, Boolean isNormalized, EnumerationOptions options)
   at System.IO.Enumeration.FileSystemEnumerable`1..ctor(String directory, FindTransform transform, EnumerationOptions options, Boolean isNormalized)
   at System.IO.Enumeration.FileSystemEnumerableFactory.FileSystemInfos(String directory, String expression, EnumerationOptions options, Boolean isNormalized)
   at System.IO.DirectoryInfo.InternalEnumerateInfos(String path, String searchPattern, SearchTarget searchTarget, EnumerationOptions options)
   at System.IO.DirectoryInfo.EnumerateFileSystemInfos(String searchPattern, SearchOption searchOption)
   at Microsoft.AspNetCore.DataProtection.Repositories.FileSystemXmlRepository.GetAllElementsCore()+MoveNext()
   at System.Collections.Generic.List`1..ctor(IEnumerable`1 collection)
   at System.Linq.Enumerable.ToList[TSource](IEnumerable`1 source)
   at Microsoft.AspNetCore.DataProtection.Repositories.FileSystemXmlRepository.GetAllElements()
   at Microsoft.AspNetCore.DataProtection.KeyManagement.XmlKeyManager.GetAllKeys()
   at Microsoft.AspNetCore.DataProtection.KeyManagement.KeyRingProvider.CreateCacheableKeyRingCore(DateTimeOffset now, IKey keyJustAdded)
   at Microsoft.AspNetCore.DataProtection.KeyManagement.KeyRingProvider.Microsoft.AspNetCore.DataProtection.KeyManagement.Internal.ICacheableKeyRingProvider.GetCacheableKeyRing(DateTimeOffset now)
   at Microsoft.AspNetCore.DataProtection.KeyManagement.KeyRingProvider.GetCurrentKeyRingCore(DateTime utcNow, Boolean forceRefresh)
   at Microsoft.AspNetCore.DataProtection.KeyManagement.KeyRingProvider.GetCurrentKeyRing()
   at Microsoft.AspNetCore.DataProtection.KeyManagement.KeyRingBasedDataProtector.Protect(Byte[] plaintext)
   --- End of inner exception stack trace ---
   at Microsoft.AspNetCore.DataProtection.KeyManagement.KeyRingBasedDataProtector.Protect(Byte[] plaintext)
   at Microsoft.AspNetCore.DataProtection.TimeLimitedDataProtector.Protect(Byte[] plaintext, DateTimeOffset expiration)
   at Microsoft.AspNetCore.DataProtection.DataProtectionAdvancedExtensions.Protect(ITimeLimitedDataProtector protector, Byte[] plaintext, TimeSpan lifetime)
   at Microsoft.AspNetCore.Mvc.ViewFeatures.ServerComponentSerializer.CreateSerializedServerComponent(ServerComponentInvocationSequence invocationId, Type rootComponent, ParameterView parameters)
   at Microsoft.AspNetCore.Mvc.ViewFeatures.ComponentRenderer.PrerenderedServerComponentAsync(HttpContext context, ServerComponentInvocationSequence invocationId, Type type, ParameterView parametersCollection)
   at Microsoft.AspNetCore.Mvc.ViewFeatures.ComponentRenderer.RenderComponentAsync(ViewContext viewContext, Type componentType, RenderMode renderMode, Object parameters)
   at Microsoft.AspNetCore.Mvc.TagHelpers.ComponentTagHelper.ProcessAsync(TagHelperContext context, TagHelperOutput output)
   at Microsoft.AspNetCore.Razor.Runtime.TagHelpers.TagHelperRunner.<RunAsync>g__Awaited|0_0(Task task, TagHelperExecutionContext executionContext, Int32 i, Int32 count)
   at RunningEventsSystem.BlazorServer.Pages.Pages__Host.<ExecuteAsync>b__14_1()
   at Microsoft.AspNetCore.Razor.Runtime.TagHelpers.TagHelperExecutionContext.SetOutputContentAsync()
   at RunningEventsSystem.BlazorServer.Pages.Pages__Host.ExecuteAsync() in C:\Users\wikto\source\repos\WiktorKostera\PAB_projekt\BlazorServer\Pages\_Host.cshtml:line 5
   at Microsoft.AspNetCore.Mvc.Razor.RazorView.RenderPageCoreAsync(IRazorPage page, ViewContext context)
   at Microsoft.AspNetCore.Mvc.Razor.RazorView.RenderPageAsync(IRazorPage page, ViewContext context, Boolean invokeViewStarts)
   at Microsoft.AspNetCore.Mvc.Razor.RazorView.RenderAsync(ViewContext context)
   at Microsoft.AspNetCore.Mvc.ViewFeatures.ViewExecutor.ExecuteAsync(ViewContext viewContext, String contentType, Nullable`1 statusCode)
   at Microsoft.AspNetCore.Mvc.ViewFeatures.ViewExecutor.ExecuteAsync(ViewContext viewContext, String contentType, Nullable`1 statusCode)
   at Microsoft.AspNetCore.Mvc.Infrastructure.ResourceInvoker.<InvokeNextResultFilterAsync>g__Awaited|30_0[TFilter,TFilterAsync](ResourceInvoker invoker, Task lastTask, State next, Scope scope, Object state, Boolean isCompleted)
   at Microsoft.AspNetCore.Mvc.Infrastructure.ResourceInvoker.Rethrow(ResultExecutedContextSealed context)
   at Microsoft.AspNetCore.Mvc.Infrastructure.ResourceInvoker.ResultNext[TFilter,TFilterAsync](State& next, Scope& scope, Object& state, Boolean& isCompleted)
   at Microsoft.AspNetCore.Mvc.Infrastructure.ResourceInvoker.InvokeResultFilters()
--- End of stack trace from previous location ---
   at Microsoft.AspNetCore.Mvc.Infrastructure.ResourceInvoker.<InvokeNextResourceFilter>g__Awaited|25_0(ResourceInvoker invoker, Task lastTask, State next, Scope scope, Object state, Boolean isCompleted)
   at Microsoft.AspNetCore.Mvc.Infrastructure.ResourceInvoker.Rethrow(ResourceExecutedContextSealed context)
   at Microsoft.AspNetCore.Mvc.Infrastructure.ResourceInvoker.Next(State& next, Scope& scope, Object& state, Boolean& isCompleted)
   at Microsoft.AspNetCore.Mvc.Infrastructure.ResourceInvoker.InvokeFilterPipelineAsync()
--- End of stack trace from previous location ---
   at Microsoft.AspNetCore.Mvc.Infrastructure.ResourceInvoker.<InvokeAsync>g__Awaited|17_0(ResourceInvoker invoker, Task task, IDisposable scope)
   at Microsoft.AspNetCore.Mvc.Infrastructure.ResourceInvoker.<InvokeAsync>g__Awaited|17_0(ResourceInvoker invoker, Task task, IDisposable scope)
   at Microsoft.AspNetCore.Routing.EndpointMiddleware.<Invoke>g__AwaitRequestTask|6_0(Endpoint endpoint, Task requestTask, ILogger logger)
   at Microsoft.AspNetCore.Diagnostics.ExceptionHandlerMiddleware.<Invoke>g__Awaited|6_0(ExceptionHandlerMiddleware middleware, HttpContext context, Task task)
   at Microsoft.AspNetCore.Diagnostics.ExceptionHandlerMiddleware.HandleException(HttpContext context, ExceptionDispatchInfo edi)
   at Microsoft.AspNetCore.Diagnostics.ExceptionHandlerMiddleware.<Invoke>g__Awaited|6_0(ExceptionHandlerMiddleware middleware, HttpContext context, Task task)
   at Microsoft.AspNetCore.Server.Kestrel.Core.Internal.Http.HttpProtocol.ProcessRequests[TContext](IHttpApplication`1 application)
2026-06-02 22:53:47 [ERR] An error occurred while reading the key ring.
System.UnauthorizedAccessException: Access to the path 'C:\Users\wikto\AppData\Local\ASP.NET\DataProtection-Keys' is denied.
   at System.IO.Enumeration.FileSystemEnumerator`1.CreateDirectoryHandle(String path, Boolean ignoreNotFound)
   at System.IO.Enumeration.FileSystemEnumerator`1.Init()
   at System.IO.Enumeration.FileSystemEnumerator`1..ctor(String directory, Boolean isNormalized, EnumerationOptions options)
   at System.IO.Enumeration.FileSystemEnumerable`1..ctor(String directory, FindTransform transform, EnumerationOptions options, Boolean isNormalized)
   at System.IO.Enumeration.FileSystemEnumerableFactory.FileSystemInfos(String directory, String expression, EnumerationOptions options, Boolean isNormalized)
   at System.IO.DirectoryInfo.InternalEnumerateInfos(String path, String searchPattern, SearchTarget searchTarget, EnumerationOptions options)
   at System.IO.DirectoryInfo.EnumerateFileSystemInfos(String searchPattern, SearchOption searchOption)
   at Microsoft.AspNetCore.DataProtection.Repositories.FileSystemXmlRepository.GetAllElementsCore()+MoveNext()
   at System.Collections.Generic.List`1..ctor(IEnumerable`1 collection)
   at System.Linq.Enumerable.ToList[TSource](IEnumerable`1 source)
   at Microsoft.AspNetCore.DataProtection.Repositories.FileSystemXmlRepository.GetAllElements()
   at Microsoft.AspNetCore.DataProtection.KeyManagement.XmlKeyManager.GetAllKeys()
   at Microsoft.AspNetCore.DataProtection.KeyManagement.KeyRingProvider.CreateCacheableKeyRingCore(DateTimeOffset now, IKey keyJustAdded)
   at Microsoft.AspNetCore.DataProtection.KeyManagement.KeyRingProvider.Microsoft.AspNetCore.DataProtection.KeyManagement.Internal.ICacheableKeyRingProvider.GetCacheableKeyRing(DateTimeOffset now)
   at Microsoft.AspNetCore.DataProtection.KeyManagement.KeyRingProvider.GetCurrentKeyRingCore(DateTime utcNow, Boolean forceRefresh)
2026-06-02 22:53:55 [ERR] An error occurred while reading the key ring.
System.UnauthorizedAccessException: Access to the path 'C:\Users\wikto\AppData\Local\ASP.NET\DataProtection-Keys' is denied.
   at System.IO.Enumeration.FileSystemEnumerator`1.CreateDirectoryHandle(String path, Boolean ignoreNotFound)
   at System.IO.Enumeration.FileSystemEnumerator`1.Init()
   at System.IO.Enumeration.FileSystemEnumerator`1..ctor(String directory, Boolean isNormalized, EnumerationOptions options)
   at System.IO.Enumeration.FileSystemEnumerable`1..ctor(String directory, FindTransform transform, EnumerationOptions options, Boolean isNormalized)
   at System.IO.Enumeration.FileSystemEnumerableFactory.FileSystemInfos(String directory, String expression, EnumerationOptions options, Boolean isNormalized)
   at System.IO.DirectoryInfo.InternalEnumerateInfos(String path, String searchPattern, SearchTarget searchTarget, EnumerationOptions options)
   at System.IO.DirectoryInfo.EnumerateFileSystemInfos(String searchPattern, SearchOption searchOption)
   at Microsoft.AspNetCore.DataProtection.Repositories.FileSystemXmlRepository.GetAllElementsCore()+MoveNext()
   at System.Collections.Generic.List`1..ctor(IEnumerable`1 collection)
   at System.Linq.Enumerable.ToList[TSource](IEnumerable`1 source)
   at Microsoft.AspNetCore.DataProtection.Repositories.FileSystemXmlRepository.GetAllElements()
   at Microsoft.AspNetCore.DataProtection.KeyManagement.XmlKeyManager.GetAllKeys()
   at Microsoft.AspNetCore.DataProtection.KeyManagement.KeyRingProvider.CreateCacheableKeyRingCore(DateTimeOffset now, IKey keyJustAdded)
   at Microsoft.AspNetCore.DataProtection.KeyManagement.KeyRingProvider.Microsoft.AspNetCore.DataProtection.KeyManagement.Internal.ICacheableKeyRingProvider.GetCacheableKeyRing(DateTimeOffset now)
   at Microsoft.AspNetCore.DataProtection.KeyManagement.KeyRingProvider.GetCurrentKeyRingCore(DateTime utcNow, Boolean forceRefresh)
2026-06-02 22:53:55 [ERR] An unhandled exception has occurred while executing the request.
System.Security.Cryptography.CryptographicException: An error occurred while trying to encrypt the provided data. Refer to the inner exception for more information. For more information go to http://aka.ms/dataprotectionwarning
 ---> System.UnauthorizedAccessException: Access to the path 'C:\Users\wikto\AppData\Local\ASP.NET\DataProtection-Keys' is denied.
   at System.IO.Enumeration.FileSystemEnumerator`1.CreateDirectoryHandle(String path, Boolean ignoreNotFound)
   at System.IO.Enumeration.FileSystemEnumerator`1.Init()
   at System.IO.Enumeration.FileSystemEnumerator`1..ctor(String directory, Boolean isNormalized, EnumerationOptions options)
   at System.IO.Enumeration.FileSystemEnumerable`1..ctor(String directory, FindTransform transform, EnumerationOptions options, Boolean isNormalized)
   at System.IO.Enumeration.FileSystemEnumerableFactory.FileSystemInfos(String directory, String expression, EnumerationOptions options, Boolean isNormalized)
   at System.IO.DirectoryInfo.InternalEnumerateInfos(String path, String searchPattern, SearchTarget searchTarget, EnumerationOptions options)
   at System.IO.DirectoryInfo.EnumerateFileSystemInfos(String searchPattern, SearchOption searchOption)
   at Microsoft.AspNetCore.DataProtection.Repositories.FileSystemXmlRepository.GetAllElementsCore()+MoveNext()
   at System.Collections.Generic.List`1..ctor(IEnumerable`1 collection)
   at System.Linq.Enumerable.ToList[TSource](IEnumerable`1 source)
   at Microsoft.AspNetCore.DataProtection.Repositories.FileSystemXmlRepository.GetAllElements()
   at Microsoft.AspNetCore.DataProtection.KeyManagement.XmlKeyManager.GetAllKeys()
   at Microsoft.AspNetCore.DataProtection.KeyManagement.KeyRingProvider.CreateCacheableKeyRingCore(DateTimeOffset now, IKey keyJustAdded)
   at Microsoft.AspNetCore.DataProtection.KeyManagement.KeyRingProvider.Microsoft.AspNetCore.DataProtection.KeyManagement.Internal.ICacheableKeyRingProvider.GetCacheableKeyRing(DateTimeOffset now)
   at Microsoft.AspNetCore.DataProtection.KeyManagement.KeyRingProvider.GetCurrentKeyRingCore(DateTime utcNow, Boolean forceRefresh)
   at Microsoft.AspNetCore.DataProtection.KeyManagement.KeyRingProvider.GetCurrentKeyRing()
   at Microsoft.AspNetCore.DataProtection.KeyManagement.KeyRingBasedDataProtector.Protect(Byte[] plaintext)
   --- End of inner exception stack trace ---
   at Microsoft.AspNetCore.DataProtection.KeyManagement.KeyRingBasedDataProtector.Protect(Byte[] plaintext)
   at Microsoft.AspNetCore.DataProtection.TimeLimitedDataProtector.Protect(Byte[] plaintext, DateTimeOffset expiration)
   at Microsoft.AspNetCore.DataProtection.DataProtectionAdvancedExtensions.Protect(ITimeLimitedDataProtector protector, Byte[] plaintext, TimeSpan lifetime)
   at Microsoft.AspNetCore.Mvc.ViewFeatures.ServerComponentSerializer.CreateSerializedServerComponent(ServerComponentInvocationSequence invocationId, Type rootComponent, ParameterView parameters)
   at Microsoft.AspNetCore.Mvc.ViewFeatures.ComponentRenderer.PrerenderedServerComponentAsync(HttpContext context, ServerComponentInvocationSequence invocationId, Type type, ParameterView parametersCollection)
   at Microsoft.AspNetCore.Mvc.ViewFeatures.ComponentRenderer.RenderComponentAsync(ViewContext viewContext, Type componentType, RenderMode renderMode, Object parameters)
   at Microsoft.AspNetCore.Mvc.TagHelpers.ComponentTagHelper.ProcessAsync(TagHelperContext context, TagHelperOutput output)
   at Microsoft.AspNetCore.Razor.Runtime.TagHelpers.TagHelperRunner.<RunAsync>g__Awaited|0_0(Task task, TagHelperExecutionContext executionContext, Int32 i, Int32 count)
   at RunningEventsSystem.BlazorServer.Pages.Pages__Host.<ExecuteAsync>b__14_1()
   at Microsoft.AspNetCore.Razor.Runtime.TagHelpers.TagHelperExecutionContext.SetOutputContentAsync()
   at RunningEventsSystem.BlazorServer.Pages.Pages__Host.ExecuteAsync() in C:\Users\wikto\source\repos\WiktorKostera\PAB_projekt\BlazorServer\Pages\_Host.cshtml:line 5
   at Microsoft.AspNetCore.Mvc.Razor.RazorView.RenderPageCoreAsync(IRazorPage page, ViewContext context)
   at Microsoft.AspNetCore.Mvc.Razor.RazorView.RenderPageAsync(IRazorPage page, ViewContext context, Boolean invokeViewStarts)
   at Microsoft.AspNetCore.Mvc.Razor.RazorView.RenderAsync(ViewContext context)
   at Microsoft.AspNetCore.Mvc.ViewFeatures.ViewExecutor.ExecuteAsync(ViewContext viewContext, String contentType, Nullable`1 statusCode)
   at Microsoft.AspNetCore.Mvc.ViewFeatures.ViewExecutor.ExecuteAsync(ViewContext viewContext, String contentType, Nullable`1 statusCode)
   at Microsoft.AspNetCore.Mvc.Infrastructure.ResourceInvoker.<InvokeNextResultFilterAsync>g__Awaited|30_0[TFilter,TFilterAsync](ResourceInvoker invoker, Task lastTask, State next, Scope scope, Object state, Boolean isCompleted)
   at Microsoft.AspNetCore.Mvc.Infrastructure.ResourceInvoker.Rethrow(ResultExecutedContextSealed context)
   at Microsoft.AspNetCore.Mvc.Infrastructure.ResourceInvoker.ResultNext[TFilter,TFilterAsync](State& next, Scope& scope, Object& state, Boolean& isCompleted)
   at Microsoft.AspNetCore.Mvc.Infrastructure.ResourceInvoker.InvokeResultFilters()
--- End of stack trace from previous location ---
   at Microsoft.AspNetCore.Mvc.Infrastructure.ResourceInvoker.<InvokeNextResourceFilter>g__Awaited|25_0(ResourceInvoker invoker, Task lastTask, State next, Scope scope, Object state, Boolean isCompleted)
   at Microsoft.AspNetCore.Mvc.Infrastructure.ResourceInvoker.Rethrow(ResourceExecutedContextSealed context)
   at Microsoft.AspNetCore.Mvc.Infrastructure.ResourceInvoker.Next(State& next, Scope& scope, Object& state, Boolean& isCompleted)
   at Microsoft.AspNetCore.Mvc.Infrastructure.ResourceInvoker.InvokeFilterPipelineAsync()
--- End of stack trace from previous location ---
   at Microsoft.AspNetCore.Mvc.Infrastructure.ResourceInvoker.<InvokeAsync>g__Awaited|17_0(ResourceInvoker invoker, Task task, IDisposable scope)
   at Microsoft.AspNetCore.Mvc.Infrastructure.ResourceInvoker.<InvokeAsync>g__Awaited|17_0(ResourceInvoker invoker, Task task, IDisposable scope)
   at Microsoft.AspNetCore.Routing.EndpointMiddleware.<Invoke>g__AwaitRequestTask|6_0(Endpoint endpoint, Task requestTask, ILogger logger)
   at Microsoft.AspNetCore.Diagnostics.ExceptionHandlerMiddleware.<Invoke>g__Awaited|6_0(ExceptionHandlerMiddleware middleware, HttpContext context, Task task)
2026-06-02 22:53:55 [ERR] An error occurred while reading the key ring.
System.UnauthorizedAccessException: Access to the path 'C:\Users\wikto\AppData\Local\ASP.NET\DataProtection-Keys' is denied.
   at System.IO.Enumeration.FileSystemEnumerator`1.CreateDirectoryHandle(String path, Boolean ignoreNotFound)
   at System.IO.Enumeration.FileSystemEnumerator`1.Init()
   at System.IO.Enumeration.FileSystemEnumerator`1..ctor(String directory, Boolean isNormalized, EnumerationOptions options)
   at System.IO.Enumeration.FileSystemEnumerable`1..ctor(String directory, FindTransform transform, EnumerationOptions options, Boolean isNormalized)
   at System.IO.Enumeration.FileSystemEnumerableFactory.FileSystemInfos(String directory, String expression, EnumerationOptions options, Boolean isNormalized)
   at System.IO.DirectoryInfo.InternalEnumerateInfos(String path, String searchPattern, SearchTarget searchTarget, EnumerationOptions options)
   at System.IO.DirectoryInfo.EnumerateFileSystemInfos(String searchPattern, SearchOption searchOption)
   at Microsoft.AspNetCore.DataProtection.Repositories.FileSystemXmlRepository.GetAllElementsCore()+MoveNext()
   at System.Collections.Generic.List`1..ctor(IEnumerable`1 collection)
   at System.Linq.Enumerable.ToList[TSource](IEnumerable`1 source)
   at Microsoft.AspNetCore.DataProtection.Repositories.FileSystemXmlRepository.GetAllElements()
   at Microsoft.AspNetCore.DataProtection.KeyManagement.XmlKeyManager.GetAllKeys()
   at Microsoft.AspNetCore.DataProtection.KeyManagement.KeyRingProvider.CreateCacheableKeyRingCore(DateTimeOffset now, IKey keyJustAdded)
   at Microsoft.AspNetCore.DataProtection.KeyManagement.KeyRingProvider.Microsoft.AspNetCore.DataProtection.KeyManagement.Internal.ICacheableKeyRingProvider.GetCacheableKeyRing(DateTimeOffset now)
   at Microsoft.AspNetCore.DataProtection.KeyManagement.KeyRingProvider.GetCurrentKeyRingCore(DateTime utcNow, Boolean forceRefresh)
2026-06-02 22:53:55 [ERR] An exception was thrown attempting to execute the error handler.
System.Security.Cryptography.CryptographicException: An error occurred while trying to encrypt the provided data. Refer to the inner exception for more information. For more information go to http://aka.ms/dataprotectionwarning
 ---> System.UnauthorizedAccessException: Access to the path 'C:\Users\wikto\AppData\Local\ASP.NET\DataProtection-Keys' is denied.
   at System.IO.Enumeration.FileSystemEnumerator`1.CreateDirectoryHandle(String path, Boolean ignoreNotFound)
   at System.IO.Enumeration.FileSystemEnumerator`1.Init()
   at System.IO.Enumeration.FileSystemEnumerator`1..ctor(String directory, Boolean isNormalized, EnumerationOptions options)
   at System.IO.Enumeration.FileSystemEnumerable`1..ctor(String directory, FindTransform transform, EnumerationOptions options, Boolean isNormalized)
   at System.IO.Enumeration.FileSystemEnumerableFactory.FileSystemInfos(String directory, String expression, EnumerationOptions options, Boolean isNormalized)
   at System.IO.DirectoryInfo.InternalEnumerateInfos(String path, String searchPattern, SearchTarget searchTarget, EnumerationOptions options)
   at System.IO.DirectoryInfo.EnumerateFileSystemInfos(String searchPattern, SearchOption searchOption)
   at Microsoft.AspNetCore.DataProtection.Repositories.FileSystemXmlRepository.GetAllElementsCore()+MoveNext()
   at System.Collections.Generic.List`1..ctor(IEnumerable`1 collection)
   at System.Linq.Enumerable.ToList[TSource](IEnumerable`1 source)
   at Microsoft.AspNetCore.DataProtection.Repositories.FileSystemXmlRepository.GetAllElements()
   at Microsoft.AspNetCore.DataProtection.KeyManagement.XmlKeyManager.GetAllKeys()
   at Microsoft.AspNetCore.DataProtection.KeyManagement.KeyRingProvider.CreateCacheableKeyRingCore(DateTimeOffset now, IKey keyJustAdded)
   at Microsoft.AspNetCore.DataProtection.KeyManagement.KeyRingProvider.Microsoft.AspNetCore.DataProtection.KeyManagement.Internal.ICacheableKeyRingProvider.GetCacheableKeyRing(DateTimeOffset now)
   at Microsoft.AspNetCore.DataProtection.KeyManagement.KeyRingProvider.GetCurrentKeyRingCore(DateTime utcNow, Boolean forceRefresh)
   at Microsoft.AspNetCore.DataProtection.KeyManagement.KeyRingProvider.GetCurrentKeyRing()
   at Microsoft.AspNetCore.DataProtection.KeyManagement.KeyRingBasedDataProtector.Protect(Byte[] plaintext)
   --- End of inner exception stack trace ---
   at Microsoft.AspNetCore.DataProtection.KeyManagement.KeyRingBasedDataProtector.Protect(Byte[] plaintext)
   at Microsoft.AspNetCore.DataProtection.TimeLimitedDataProtector.Protect(Byte[] plaintext, DateTimeOffset expiration)
   at Microsoft.AspNetCore.DataProtection.DataProtectionAdvancedExtensions.Protect(ITimeLimitedDataProtector protector, Byte[] plaintext, TimeSpan lifetime)
   at Microsoft.AspNetCore.Mvc.ViewFeatures.ServerComponentSerializer.CreateSerializedServerComponent(ServerComponentInvocationSequence invocationId, Type rootComponent, ParameterView parameters)
   at Microsoft.AspNetCore.Mvc.ViewFeatures.ComponentRenderer.PrerenderedServerComponentAsync(HttpContext context, ServerComponentInvocationSequence invocationId, Type type, ParameterView parametersCollection)
   at Microsoft.AspNetCore.Mvc.ViewFeatures.ComponentRenderer.RenderComponentAsync(ViewContext viewContext, Type componentType, RenderMode renderMode, Object parameters)
   at Microsoft.AspNetCore.Mvc.TagHelpers.ComponentTagHelper.ProcessAsync(TagHelperContext context, TagHelperOutput output)
   at Microsoft.AspNetCore.Razor.Runtime.TagHelpers.TagHelperRunner.<RunAsync>g__Awaited|0_0(Task task, TagHelperExecutionContext executionContext, Int32 i, Int32 count)
   at RunningEventsSystem.BlazorServer.Pages.Pages__Host.<ExecuteAsync>b__14_1()
   at Microsoft.AspNetCore.Razor.Runtime.TagHelpers.TagHelperExecutionContext.SetOutputContentAsync()
   at RunningEventsSystem.BlazorServer.Pages.Pages__Host.ExecuteAsync() in C:\Users\wikto\source\repos\WiktorKostera\PAB_projekt\BlazorServer\Pages\_Host.cshtml:line 5
   at Microsoft.AspNetCore.Mvc.Razor.RazorView.RenderPageCoreAsync(IRazorPage page, ViewContext context)
   at Microsoft.AspNetCore.Mvc.Razor.RazorView.RenderPageAsync(IRazorPage page, ViewContext context, Boolean invokeViewStarts)
   at Microsoft.AspNetCore.Mvc.Razor.RazorView.RenderAsync(ViewContext context)
   at Microsoft.AspNetCore.Mvc.ViewFeatures.ViewExecutor.ExecuteAsync(ViewContext viewContext, String contentType, Nullable`1 statusCode)
   at Microsoft.AspNetCore.Mvc.ViewFeatures.ViewExecutor.ExecuteAsync(ViewContext viewContext, String contentType, Nullable`1 statusCode)
   at Microsoft.AspNetCore.Mvc.Infrastructure.ResourceInvoker.<InvokeNextResultFilterAsync>g__Awaited|30_0[TFilter,TFilterAsync](ResourceInvoker invoker, Task lastTask, State next, Scope scope, Object state, Boolean isCompleted)
   at Microsoft.AspNetCore.Mvc.Infrastructure.ResourceInvoker.Rethrow(ResultExecutedContextSealed context)
   at Microsoft.AspNetCore.Mvc.Infrastructure.ResourceInvoker.ResultNext[TFilter,TFilterAsync](State& next, Scope& scope, Object& state, Boolean& isCompleted)
   at Microsoft.AspNetCore.Mvc.Infrastructure.ResourceInvoker.InvokeResultFilters()
--- End of stack trace from previous location ---
   at Microsoft.AspNetCore.Mvc.Infrastructure.ResourceInvoker.<InvokeNextResourceFilter>g__Awaited|25_0(ResourceInvoker invoker, Task lastTask, State next, Scope scope, Object state, Boolean isCompleted)
   at Microsoft.AspNetCore.Mvc.Infrastructure.ResourceInvoker.Rethrow(ResourceExecutedContextSealed context)
   at Microsoft.AspNetCore.Mvc.Infrastructure.ResourceInvoker.Next(State& next, Scope& scope, Object& state, Boolean& isCompleted)
   at Microsoft.AspNetCore.Mvc.Infrastructure.ResourceInvoker.InvokeFilterPipelineAsync()
--- End of stack trace from previous location ---
   at Microsoft.AspNetCore.Mvc.Infrastructure.ResourceInvoker.<InvokeAsync>g__Awaited|17_0(ResourceInvoker invoker, Task task, IDisposable scope)
   at Microsoft.AspNetCore.Mvc.Infrastructure.ResourceInvoker.<InvokeAsync>g__Awaited|17_0(ResourceInvoker invoker, Task task, IDisposable scope)
   at Microsoft.AspNetCore.Routing.EndpointMiddleware.<Invoke>g__AwaitRequestTask|6_0(Endpoint endpoint, Task requestTask, ILogger logger)
   at Microsoft.AspNetCore.Diagnostics.ExceptionHandlerMiddleware.HandleException(HttpContext context, ExceptionDispatchInfo edi)
2026-06-02 22:53:55 [ERR] Connection id "0HNM0T47OSM4V", Request id "0HNM0T47OSM4V:00000002": An unhandled exception was thrown by the application.
System.Security.Cryptography.CryptographicException: An error occurred while trying to encrypt the provided data. Refer to the inner exception for more information. For more information go to http://aka.ms/dataprotectionwarning
 ---> System.UnauthorizedAccessException: Access to the path 'C:\Users\wikto\AppData\Local\ASP.NET\DataProtection-Keys' is denied.
   at System.IO.Enumeration.FileSystemEnumerator`1.CreateDirectoryHandle(String path, Boolean ignoreNotFound)
   at System.IO.Enumeration.FileSystemEnumerator`1.Init()
   at System.IO.Enumeration.FileSystemEnumerator`1..ctor(String directory, Boolean isNormalized, EnumerationOptions options)
   at System.IO.Enumeration.FileSystemEnumerable`1..ctor(String directory, FindTransform transform, EnumerationOptions options, Boolean isNormalized)
   at System.IO.Enumeration.FileSystemEnumerableFactory.FileSystemInfos(String directory, String expression, EnumerationOptions options, Boolean isNormalized)
   at System.IO.DirectoryInfo.InternalEnumerateInfos(String path, String searchPattern, SearchTarget searchTarget, EnumerationOptions options)
   at System.IO.DirectoryInfo.EnumerateFileSystemInfos(String searchPattern, SearchOption searchOption)
   at Microsoft.AspNetCore.DataProtection.Repositories.FileSystemXmlRepository.GetAllElementsCore()+MoveNext()
   at System.Collections.Generic.List`1..ctor(IEnumerable`1 collection)
   at System.Linq.Enumerable.ToList[TSource](IEnumerable`1 source)
   at Microsoft.AspNetCore.DataProtection.Repositories.FileSystemXmlRepository.GetAllElements()
   at Microsoft.AspNetCore.DataProtection.KeyManagement.XmlKeyManager.GetAllKeys()
   at Microsoft.AspNetCore.DataProtection.KeyManagement.KeyRingProvider.CreateCacheableKeyRingCore(DateTimeOffset now, IKey keyJustAdded)
   at Microsoft.AspNetCore.DataProtection.KeyManagement.KeyRingProvider.Microsoft.AspNetCore.DataProtection.KeyManagement.Internal.ICacheableKeyRingProvider.GetCacheableKeyRing(DateTimeOffset now)
   at Microsoft.AspNetCore.DataProtection.KeyManagement.KeyRingProvider.GetCurrentKeyRingCore(DateTime utcNow, Boolean forceRefresh)
   at Microsoft.AspNetCore.DataProtection.KeyManagement.KeyRingProvider.GetCurrentKeyRing()
   at Microsoft.AspNetCore.DataProtection.KeyManagement.KeyRingBasedDataProtector.Protect(Byte[] plaintext)
   --- End of inner exception stack trace ---
   at Microsoft.AspNetCore.DataProtection.KeyManagement.KeyRingBasedDataProtector.Protect(Byte[] plaintext)
   at Microsoft.AspNetCore.DataProtection.TimeLimitedDataProtector.Protect(Byte[] plaintext, DateTimeOffset expiration)
   at Microsoft.AspNetCore.DataProtection.DataProtectionAdvancedExtensions.Protect(ITimeLimitedDataProtector protector, Byte[] plaintext, TimeSpan lifetime)
   at Microsoft.AspNetCore.Mvc.ViewFeatures.ServerComponentSerializer.CreateSerializedServerComponent(ServerComponentInvocationSequence invocationId, Type rootComponent, ParameterView parameters)
   at Microsoft.AspNetCore.Mvc.ViewFeatures.ComponentRenderer.PrerenderedServerComponentAsync(HttpContext context, ServerComponentInvocationSequence invocationId, Type type, ParameterView parametersCollection)
   at Microsoft.AspNetCore.Mvc.ViewFeatures.ComponentRenderer.RenderComponentAsync(ViewContext viewContext, Type componentType, RenderMode renderMode, Object parameters)
   at Microsoft.AspNetCore.Mvc.TagHelpers.ComponentTagHelper.ProcessAsync(TagHelperContext context, TagHelperOutput output)
   at Microsoft.AspNetCore.Razor.Runtime.TagHelpers.TagHelperRunner.<RunAsync>g__Awaited|0_0(Task task, TagHelperExecutionContext executionContext, Int32 i, Int32 count)
   at RunningEventsSystem.BlazorServer.Pages.Pages__Host.<ExecuteAsync>b__14_1()
   at Microsoft.AspNetCore.Razor.Runtime.TagHelpers.TagHelperExecutionContext.SetOutputContentAsync()
   at RunningEventsSystem.BlazorServer.Pages.Pages__Host.ExecuteAsync() in C:\Users\wikto\source\repos\WiktorKostera\PAB_projekt\BlazorServer\Pages\_Host.cshtml:line 5
   at Microsoft.AspNetCore.Mvc.Razor.RazorView.RenderPageCoreAsync(IRazorPage page, ViewContext context)
   at Microsoft.AspNetCore.Mvc.Razor.RazorView.RenderPageAsync(IRazorPage page, ViewContext context, Boolean invokeViewStarts)
   at Microsoft.AspNetCore.Mvc.Razor.RazorView.RenderAsync(ViewContext context)
   at Microsoft.AspNetCore.Mvc.ViewFeatures.ViewExecutor.ExecuteAsync(ViewContext viewContext, String contentType, Nullable`1 statusCode)
   at Microsoft.AspNetCore.Mvc.ViewFeatures.ViewExecutor.ExecuteAsync(ViewContext viewContext, String contentType, Nullable`1 statusCode)
   at Microsoft.AspNetCore.Mvc.Infrastructure.ResourceInvoker.<InvokeNextResultFilterAsync>g__Awaited|30_0[TFilter,TFilterAsync](ResourceInvoker invoker, Task lastTask, State next, Scope scope, Object state, Boolean isCompleted)
   at Microsoft.AspNetCore.Mvc.Infrastructure.ResourceInvoker.Rethrow(ResultExecutedContextSealed context)
   at Microsoft.AspNetCore.Mvc.Infrastructure.ResourceInvoker.ResultNext[TFilter,TFilterAsync](State& next, Scope& scope, Object& state, Boolean& isCompleted)
   at Microsoft.AspNetCore.Mvc.Infrastructure.ResourceInvoker.InvokeResultFilters()
--- End of stack trace from previous location ---
   at Microsoft.AspNetCore.Mvc.Infrastructure.ResourceInvoker.<InvokeNextResourceFilter>g__Awaited|25_0(ResourceInvoker invoker, Task lastTask, State next, Scope scope, Object state, Boolean isCompleted)
   at Microsoft.AspNetCore.Mvc.Infrastructure.ResourceInvoker.Rethrow(ResourceExecutedContextSealed context)
   at Microsoft.AspNetCore.Mvc.Infrastructure.ResourceInvoker.Next(State& next, Scope& scope, Object& state, Boolean& isCompleted)
   at Microsoft.AspNetCore.Mvc.Infrastructure.ResourceInvoker.InvokeFilterPipelineAsync()
--- End of stack trace from previous location ---
   at Microsoft.AspNetCore.Mvc.Infrastructure.ResourceInvoker.<InvokeAsync>g__Awaited|17_0(ResourceInvoker invoker, Task task, IDisposable scope)
   at Microsoft.AspNetCore.Mvc.Infrastructure.ResourceInvoker.<InvokeAsync>g__Awaited|17_0(ResourceInvoker invoker, Task task, IDisposable scope)
   at Microsoft.AspNetCore.Routing.EndpointMiddleware.<Invoke>g__AwaitRequestTask|6_0(Endpoint endpoint, Task requestTask, ILogger logger)
   at Microsoft.AspNetCore.Diagnostics.ExceptionHandlerMiddleware.<Invoke>g__Awaited|6_0(ExceptionHandlerMiddleware middleware, HttpContext context, Task task)
   at Microsoft.AspNetCore.Diagnostics.ExceptionHandlerMiddleware.HandleException(HttpContext context, ExceptionDispatchInfo edi)
   at Microsoft.AspNetCore.Diagnostics.ExceptionHandlerMiddleware.<Invoke>g__Awaited|6_0(ExceptionHandlerMiddleware middleware, HttpContext context, Task task)
   at Microsoft.AspNetCore.Server.Kestrel.Core.Internal.Http.HttpProtocol.ProcessRequests[TContext](IHttpApplication`1 application)
2026-06-02 22:59:31 [ERR] Błąd pobierania listy eventów
System.Net.Http.HttpRequestException: Nie można nawiązać połączenia, ponieważ komputer docelowy aktywnie go odmawia. (localhost:5234)
 ---> System.Net.Sockets.SocketException (10061): Nie można nawiązać połączenia, ponieważ komputer docelowy aktywnie go odmawia.
   at System.Net.Sockets.Socket.AwaitableSocketAsyncEventArgs.ThrowException(SocketError error, CancellationToken cancellationToken)
   at System.Net.Sockets.Socket.AwaitableSocketAsyncEventArgs.System.Threading.Tasks.Sources.IValueTaskSource.GetResult(Int16 token)
   at System.Net.Sockets.Socket.<ConnectAsync>g__WaitForConnectWithCancellation|277_0(AwaitableSocketAsyncEventArgs saea, ValueTask connectTask, CancellationToken cancellationToken)
   at System.Net.Http.HttpConnectionPool.ConnectToTcpHostAsync(String host, Int32 port, HttpRequestMessage initialRequest, Boolean async, CancellationToken cancellationToken)
   --- End of inner exception stack trace ---
   at System.Net.Http.HttpConnectionPool.ConnectToTcpHostAsync(String host, Int32 port, HttpRequestMessage initialRequest, Boolean async, CancellationToken cancellationToken)
   at System.Net.Http.HttpConnectionPool.ConnectAsync(HttpRequestMessage request, Boolean async, CancellationToken cancellationToken)
   at System.Net.Http.HttpConnectionPool.CreateHttp11ConnectionAsync(HttpRequestMessage request, Boolean async, CancellationToken cancellationToken)
   at System.Net.Http.HttpConnectionPool.AddHttp11ConnectionAsync(HttpRequestMessage request)
   at System.Threading.Tasks.TaskCompletionSourceWithCancellation`1.WaitWithCancellationAsync(CancellationToken cancellationToken)
   at System.Net.Http.HttpConnectionPool.GetHttp11ConnectionAsync(HttpRequestMessage request, Boolean async, CancellationToken cancellationToken)
   at System.Net.Http.HttpConnectionPool.SendWithVersionDetectionAndRetryAsync(HttpRequestMessage request, Boolean async, Boolean doRequestAuth, CancellationToken cancellationToken)
   at System.Net.Http.DiagnosticsHandler.SendAsyncCore(HttpRequestMessage request, Boolean async, CancellationToken cancellationToken)
   at System.Net.Http.RedirectHandler.SendAsync(HttpRequestMessage request, Boolean async, CancellationToken cancellationToken)
   at Microsoft.Extensions.Http.Logging.LoggingHttpMessageHandler.SendAsync(HttpRequestMessage request, CancellationToken cancellationToken)
   at Microsoft.Extensions.Http.Logging.LoggingScopeHttpMessageHandler.SendAsync(HttpRequestMessage request, CancellationToken cancellationToken)
   at System.Net.Http.HttpClient.<SendAsync>g__Core|83_0(HttpRequestMessage request, HttpCompletionOption completionOption, CancellationTokenSource cts, Boolean disposeCts, CancellationTokenSource pendingRequestsCts, CancellationToken originalCancellationToken)
   at System.Net.Http.Json.HttpClientJsonExtensions.GetFromJsonAsyncCore[T](Task`1 taskResponse, JsonSerializerOptions options, CancellationToken cancellationToken)
   at RunningEventsSystem.BlazorServer.Services.AdminApiService.GetEventsAsync() in C:\Users\wikto\source\repos\WiktorKostera\PAB_projekt\BlazorServer\Services\AdminApiService.cs:line 46
2026-06-02 22:59:36 [ERR] Błąd pobierania listy użytkowników
System.Net.Http.HttpRequestException: Nie można nawiązać połączenia, ponieważ komputer docelowy aktywnie go odmawia. (localhost:5234)
 ---> System.Net.Sockets.SocketException (10061): Nie można nawiązać połączenia, ponieważ komputer docelowy aktywnie go odmawia.
   at System.Net.Sockets.Socket.AwaitableSocketAsyncEventArgs.ThrowException(SocketError error, CancellationToken cancellationToken)
   at System.Net.Sockets.Socket.AwaitableSocketAsyncEventArgs.System.Threading.Tasks.Sources.IValueTaskSource.GetResult(Int16 token)
   at System.Net.Sockets.Socket.<ConnectAsync>g__WaitForConnectWithCancellation|277_0(AwaitableSocketAsyncEventArgs saea, ValueTask connectTask, CancellationToken cancellationToken)
   at System.Net.Http.HttpConnectionPool.ConnectToTcpHostAsync(String host, Int32 port, HttpRequestMessage initialRequest, Boolean async, CancellationToken cancellationToken)
   --- End of inner exception stack trace ---
   at System.Net.Http.HttpConnectionPool.ConnectToTcpHostAsync(String host, Int32 port, HttpRequestMessage initialRequest, Boolean async, CancellationToken cancellationToken)
   at System.Net.Http.HttpConnectionPool.ConnectAsync(HttpRequestMessage request, Boolean async, CancellationToken cancellationToken)
   at System.Net.Http.HttpConnectionPool.CreateHttp11ConnectionAsync(HttpRequestMessage request, Boolean async, CancellationToken cancellationToken)
   at System.Net.Http.HttpConnectionPool.AddHttp11ConnectionAsync(HttpRequestMessage request)
   at System.Threading.Tasks.TaskCompletionSourceWithCancellation`1.WaitWithCancellationAsync(CancellationToken cancellationToken)
   at System.Net.Http.HttpConnectionPool.GetHttp11ConnectionAsync(HttpRequestMessage request, Boolean async, CancellationToken cancellationToken)
   at System.Net.Http.HttpConnectionPool.SendWithVersionDetectionAndRetryAsync(HttpRequestMessage request, Boolean async, Boolean doRequestAuth, CancellationToken cancellationToken)
   at System.Net.Http.DiagnosticsHandler.SendAsyncCore(HttpRequestMessage request, Boolean async, CancellationToken cancellationToken)
   at System.Net.Http.RedirectHandler.SendAsync(HttpRequestMessage request, Boolean async, CancellationToken cancellationToken)
   at Microsoft.Extensions.Http.Logging.LoggingHttpMessageHandler.SendAsync(HttpRequestMessage request, CancellationToken cancellationToken)
   at Microsoft.Extensions.Http.Logging.LoggingScopeHttpMessageHandler.SendAsync(HttpRequestMessage request, CancellationToken cancellationToken)
   at System.Net.Http.HttpClient.<SendAsync>g__Core|83_0(HttpRequestMessage request, HttpCompletionOption completionOption, CancellationTokenSource cts, Boolean disposeCts, CancellationTokenSource pendingRequestsCts, CancellationToken originalCancellationToken)
   at System.Net.Http.Json.HttpClientJsonExtensions.GetFromJsonAsyncCore[T](Task`1 taskResponse, JsonSerializerOptions options, CancellationToken cancellationToken)
   at RunningEventsSystem.BlazorServer.Services.AdminApiService.GetUsersAsync() in C:\Users\wikto\source\repos\WiktorKostera\PAB_projekt\BlazorServer\Services\AdminApiService.cs:line 85
2026-06-02 22:59:41 [ERR] Błąd pobierania listy eventów
System.Net.Http.HttpRequestException: Nie można nawiązać połączenia, ponieważ komputer docelowy aktywnie go odmawia. (localhost:5234)
 ---> System.Net.Sockets.SocketException (10061): Nie można nawiązać połączenia, ponieważ komputer docelowy aktywnie go odmawia.
   at System.Net.Sockets.Socket.AwaitableSocketAsyncEventArgs.ThrowException(SocketError error, CancellationToken cancellationToken)
   at System.Net.Sockets.Socket.AwaitableSocketAsyncEventArgs.System.Threading.Tasks.Sources.IValueTaskSource.GetResult(Int16 token)
   at System.Net.Sockets.Socket.<ConnectAsync>g__WaitForConnectWithCancellation|277_0(AwaitableSocketAsyncEventArgs saea, ValueTask connectTask, CancellationToken cancellationToken)
   at System.Net.Http.HttpConnectionPool.ConnectToTcpHostAsync(String host, Int32 port, HttpRequestMessage initialRequest, Boolean async, CancellationToken cancellationToken)
   --- End of inner exception stack trace ---
   at System.Net.Http.HttpConnectionPool.ConnectToTcpHostAsync(String host, Int32 port, HttpRequestMessage initialRequest, Boolean async, CancellationToken cancellationToken)
   at System.Net.Http.HttpConnectionPool.ConnectAsync(HttpRequestMessage request, Boolean async, CancellationToken cancellationToken)
   at System.Net.Http.HttpConnectionPool.CreateHttp11ConnectionAsync(HttpRequestMessage request, Boolean async, CancellationToken cancellationToken)
   at System.Net.Http.HttpConnectionPool.AddHttp11ConnectionAsync(HttpRequestMessage request)
   at System.Threading.Tasks.TaskCompletionSourceWithCancellation`1.WaitWithCancellationAsync(CancellationToken cancellationToken)
   at System.Net.Http.HttpConnectionPool.GetHttp11ConnectionAsync(HttpRequestMessage request, Boolean async, CancellationToken cancellationToken)
   at System.Net.Http.HttpConnectionPool.SendWithVersionDetectionAndRetryAsync(HttpRequestMessage request, Boolean async, Boolean doRequestAuth, CancellationToken cancellationToken)
   at System.Net.Http.DiagnosticsHandler.SendAsyncCore(HttpRequestMessage request, Boolean async, CancellationToken cancellationToken)
   at System.Net.Http.RedirectHandler.SendAsync(HttpRequestMessage request, Boolean async, CancellationToken cancellationToken)
   at Microsoft.Extensions.Http.Logging.LoggingHttpMessageHandler.SendAsync(HttpRequestMessage request, CancellationToken cancellationToken)
   at Microsoft.Extensions.Http.Logging.LoggingScopeHttpMessageHandler.SendAsync(HttpRequestMessage request, CancellationToken cancellationToken)
   at System.Net.Http.HttpClient.<SendAsync>g__Core|83_0(HttpRequestMessage request, HttpCompletionOption completionOption, CancellationTokenSource cts, Boolean disposeCts, CancellationTokenSource pendingRequestsCts, CancellationToken originalCancellationToken)
   at System.Net.Http.Json.HttpClientJsonExtensions.GetFromJsonAsyncCore[T](Task`1 taskResponse, JsonSerializerOptions options, CancellationToken cancellationToken)
   at RunningEventsSystem.BlazorServer.Services.AdminApiService.GetEventsAsync() in C:\Users\wikto\source\repos\WiktorKostera\PAB_projekt\BlazorServer\Services\AdminApiService.cs:line 46
2026-06-02 22:59:45 [ERR] Błąd pobierania listy użytkowników
System.Net.Http.HttpRequestException: Nie można nawiązać połączenia, ponieważ komputer docelowy aktywnie go odmawia. (localhost:5234)
 ---> System.Net.Sockets.SocketException (10061): Nie można nawiązać połączenia, ponieważ komputer docelowy aktywnie go odmawia.
   at System.Net.Sockets.Socket.AwaitableSocketAsyncEventArgs.ThrowException(SocketError error, CancellationToken cancellationToken)
   at System.Net.Sockets.Socket.AwaitableSocketAsyncEventArgs.System.Threading.Tasks.Sources.IValueTaskSource.GetResult(Int16 token)
   at System.Net.Sockets.Socket.<ConnectAsync>g__WaitForConnectWithCancellation|277_0(AwaitableSocketAsyncEventArgs saea, ValueTask connectTask, CancellationToken cancellationToken)
   at System.Net.Http.HttpConnectionPool.ConnectToTcpHostAsync(String host, Int32 port, HttpRequestMessage initialRequest, Boolean async, CancellationToken cancellationToken)
   --- End of inner exception stack trace ---
   at System.Net.Http.HttpConnectionPool.ConnectToTcpHostAsync(String host, Int32 port, HttpRequestMessage initialRequest, Boolean async, CancellationToken cancellationToken)
   at System.Net.Http.HttpConnectionPool.ConnectAsync(HttpRequestMessage request, Boolean async, CancellationToken cancellationToken)
   at System.Net.Http.HttpConnectionPool.CreateHttp11ConnectionAsync(HttpRequestMessage request, Boolean async, CancellationToken cancellationToken)
   at System.Net.Http.HttpConnectionPool.AddHttp11ConnectionAsync(HttpRequestMessage request)
   at System.Threading.Tasks.TaskCompletionSourceWithCancellation`1.WaitWithCancellationAsync(CancellationToken cancellationToken)
   at System.Net.Http.HttpConnectionPool.GetHttp11ConnectionAsync(HttpRequestMessage request, Boolean async, CancellationToken cancellationToken)
   at System.Net.Http.HttpConnectionPool.SendWithVersionDetectionAndRetryAsync(HttpRequestMessage request, Boolean async, Boolean doRequestAuth, CancellationToken cancellationToken)
   at System.Net.Http.DiagnosticsHandler.SendAsyncCore(HttpRequestMessage request, Boolean async, CancellationToken cancellationToken)
   at System.Net.Http.RedirectHandler.SendAsync(HttpRequestMessage request, Boolean async, CancellationToken cancellationToken)
   at Microsoft.Extensions.Http.Logging.LoggingHttpMessageHandler.SendAsync(HttpRequestMessage request, CancellationToken cancellationToken)
   at Microsoft.Extensions.Http.Logging.LoggingScopeHttpMessageHandler.SendAsync(HttpRequestMessage request, CancellationToken cancellationToken)
   at System.Net.Http.HttpClient.<SendAsync>g__Core|83_0(HttpRequestMessage request, HttpCompletionOption completionOption, CancellationTokenSource cts, Boolean disposeCts, CancellationTokenSource pendingRequestsCts, CancellationToken originalCancellationToken)
   at System.Net.Http.Json.HttpClientJsonExtensions.GetFromJsonAsyncCore[T](Task`1 taskResponse, JsonSerializerOptions options, CancellationToken cancellationToken)
   at RunningEventsSystem.BlazorServer.Services.AdminApiService.GetUsersAsync() in C:\Users\wikto\source\repos\WiktorKostera\PAB_projekt\BlazorServer\Services\AdminApiService.cs:line 85
2026-06-02 22:59:54 [ERR] Błąd pobierania listy eventów
System.Net.Http.HttpRequestException: Nie można nawiązać połączenia, ponieważ komputer docelowy aktywnie go odmawia. (localhost:5234)
 ---> System.Net.Sockets.SocketException (10061): Nie można nawiązać połączenia, ponieważ komputer docelowy aktywnie go odmawia.
   at System.Net.Sockets.Socket.AwaitableSocketAsyncEventArgs.ThrowException(SocketError error, CancellationToken cancellationToken)
   at System.Net.Sockets.Socket.AwaitableSocketAsyncEventArgs.System.Threading.Tasks.Sources.IValueTaskSource.GetResult(Int16 token)
   at System.Net.Sockets.Socket.<ConnectAsync>g__WaitForConnectWithCancellation|277_0(AwaitableSocketAsyncEventArgs saea, ValueTask connectTask, CancellationToken cancellationToken)
   at System.Net.Http.HttpConnectionPool.ConnectToTcpHostAsync(String host, Int32 port, HttpRequestMessage initialRequest, Boolean async, CancellationToken cancellationToken)
   --- End of inner exception stack trace ---
   at System.Net.Http.HttpConnectionPool.ConnectToTcpHostAsync(String host, Int32 port, HttpRequestMessage initialRequest, Boolean async, CancellationToken cancellationToken)
   at System.Net.Http.HttpConnectionPool.ConnectAsync(HttpRequestMessage request, Boolean async, CancellationToken cancellationToken)
   at System.Net.Http.HttpConnectionPool.CreateHttp11ConnectionAsync(HttpRequestMessage request, Boolean async, CancellationToken cancellationToken)
   at System.Net.Http.HttpConnectionPool.AddHttp11ConnectionAsync(HttpRequestMessage request)
   at System.Threading.Tasks.TaskCompletionSourceWithCancellation`1.WaitWithCancellationAsync(CancellationToken cancellationToken)
   at System.Net.Http.HttpConnectionPool.GetHttp11ConnectionAsync(HttpRequestMessage request, Boolean async, CancellationToken cancellationToken)
   at System.Net.Http.HttpConnectionPool.SendWithVersionDetectionAndRetryAsync(HttpRequestMessage request, Boolean async, Boolean doRequestAuth, CancellationToken cancellationToken)
   at System.Net.Http.DiagnosticsHandler.SendAsyncCore(HttpRequestMessage request, Boolean async, CancellationToken cancellationToken)
   at System.Net.Http.RedirectHandler.SendAsync(HttpRequestMessage request, Boolean async, CancellationToken cancellationToken)
   at Microsoft.Extensions.Http.Logging.LoggingHttpMessageHandler.SendAsync(HttpRequestMessage request, CancellationToken cancellationToken)
   at Microsoft.Extensions.Http.Logging.LoggingScopeHttpMessageHandler.SendAsync(HttpRequestMessage request, CancellationToken cancellationToken)
   at System.Net.Http.HttpClient.<SendAsync>g__Core|83_0(HttpRequestMessage request, HttpCompletionOption completionOption, CancellationTokenSource cts, Boolean disposeCts, CancellationTokenSource pendingRequestsCts, CancellationToken originalCancellationToken)
   at System.Net.Http.Json.HttpClientJsonExtensions.GetFromJsonAsyncCore[T](Task`1 taskResponse, JsonSerializerOptions options, CancellationToken cancellationToken)
   at RunningEventsSystem.BlazorServer.Services.AdminApiService.GetEventsAsync() in C:\Users\wikto\source\repos\WiktorKostera\PAB_projekt\BlazorServer\Services\AdminApiService.cs:line 46
2026-06-02 22:59:56 [ERR] Unhandled exception in circuit 'mKkq8v3wrYrlDySsX-7m53yPxcIuuULedftt1SYRqRI'.
System.ArgumentException: 'Field' is not a member of type 'System.ValueTuple`2[System.String,System.String]' (Parameter 'propertyOrFieldName')
   at System.Linq.Expressions.Expression.PropertyOrField(Expression expression, String propertyOrFieldName)
   at Radzen.PropertyAccess.Getter[TItem,TValue](String propertyName, Type type)
   at Radzen.DropDownBase`1.OnParametersSet()
   at Microsoft.AspNetCore.Components.ComponentBase.CallOnParametersSetAsync()
   at Microsoft.AspNetCore.Components.ComponentBase.RunInitAndSetParametersAsync()
   at Radzen.RadzenComponent.SetParametersAsync(ParameterView parameters)
   at Radzen.DataBoundFormComponent`1.SetParametersAsync(ParameterView parameters)
   at Radzen.DropDownBase`1.SetParametersAsync(ParameterView parameters)
   at Radzen.Blazor.RadzenDropDown`1.SetParametersAsync(ParameterView parameters)
2026-06-02 22:59:56 [ERR] Unhandled exception in circuit 'mKkq8v3wrYrlDySsX-7m53yPxcIuuULedftt1SYRqRI'.
System.ObjectDisposedException: Cannot access a disposed object.
   at Microsoft.AspNetCore.Components.RenderTree.ArrayBuilder`1.ThrowObjectDisposedException()
   at Microsoft.AspNetCore.Components.RenderTree.ArrayBuilder`1.GrowBuffer(Int32 desiredCapacity)
   at Microsoft.AspNetCore.Components.RenderTree.RenderTreeDiffBuilder.InsertNewFrame(DiffContext& diffContext, Int32 newFrameIndex)
   at Microsoft.AspNetCore.Components.RenderTree.RenderTreeDiffBuilder.AppendDiffEntriesForRange(DiffContext& diffContext, Int32 oldStartIndex, Int32 oldEndIndexExcl, Int32 newStartIndex, Int32 newEndIndexExcl)
   at Microsoft.AspNetCore.Components.RenderTree.RenderTreeDiffBuilder.ComputeDiff(Renderer renderer, RenderBatchBuilder batchBuilder, Int32 componentId, ArrayRange`1 oldTree, ArrayRange`1 newTree)
   at Microsoft.AspNetCore.Components.Rendering.ComponentState.RenderIntoBatch(RenderBatchBuilder batchBuilder, RenderFragment renderFragment, Exception& renderFragmentException)
   at Microsoft.AspNetCore.Components.RenderTree.Renderer.ProcessRenderQueue()
2026-06-02 23:00:00 [ERR] Błąd pobierania listy użytkowników
System.Net.Http.HttpRequestException: Nie można nawiązać połączenia, ponieważ komputer docelowy aktywnie go odmawia. (localhost:5234)
 ---> System.Net.Sockets.SocketException (10061): Nie można nawiązać połączenia, ponieważ komputer docelowy aktywnie go odmawia.
   at System.Net.Sockets.Socket.AwaitableSocketAsyncEventArgs.ThrowException(SocketError error, CancellationToken cancellationToken)
   at System.Net.Sockets.Socket.AwaitableSocketAsyncEventArgs.System.Threading.Tasks.Sources.IValueTaskSource.GetResult(Int16 token)
   at System.Net.Sockets.Socket.<ConnectAsync>g__WaitForConnectWithCancellation|277_0(AwaitableSocketAsyncEventArgs saea, ValueTask connectTask, CancellationToken cancellationToken)
   at System.Net.Http.HttpConnectionPool.ConnectToTcpHostAsync(String host, Int32 port, HttpRequestMessage initialRequest, Boolean async, CancellationToken cancellationToken)
   --- End of inner exception stack trace ---
   at System.Net.Http.HttpConnectionPool.ConnectToTcpHostAsync(String host, Int32 port, HttpRequestMessage initialRequest, Boolean async, CancellationToken cancellationToken)
   at System.Net.Http.HttpConnectionPool.ConnectAsync(HttpRequestMessage request, Boolean async, CancellationToken cancellationToken)
   at System.Net.Http.HttpConnectionPool.CreateHttp11ConnectionAsync(HttpRequestMessage request, Boolean async, CancellationToken cancellationToken)
   at System.Net.Http.HttpConnectionPool.AddHttp11ConnectionAsync(HttpRequestMessage request)
   at System.Threading.Tasks.TaskCompletionSourceWithCancellation`1.WaitWithCancellationAsync(CancellationToken cancellationToken)
   at System.Net.Http.HttpConnectionPool.GetHttp11ConnectionAsync(HttpRequestMessage request, Boolean async, CancellationToken cancellationToken)
   at System.Net.Http.HttpConnectionPool.SendWithVersionDetectionAndRetryAsync(HttpRequestMessage request, Boolean async, Boolean doRequestAuth, CancellationToken cancellationToken)
   at System.Net.Http.DiagnosticsHandler.SendAsyncCore(HttpRequestMessage request, Boolean async, CancellationToken cancellationToken)
   at System.Net.Http.RedirectHandler.SendAsync(HttpRequestMessage request, Boolean async, CancellationToken cancellationToken)
   at Microsoft.Extensions.Http.Logging.LoggingHttpMessageHandler.SendAsync(HttpRequestMessage request, CancellationToken cancellationToken)
   at Microsoft.Extensions.Http.Logging.LoggingScopeHttpMessageHandler.SendAsync(HttpRequestMessage request, CancellationToken cancellationToken)
   at System.Net.Http.HttpClient.<SendAsync>g__Core|83_0(HttpRequestMessage request, HttpCompletionOption completionOption, CancellationTokenSource cts, Boolean disposeCts, CancellationTokenSource pendingRequestsCts, CancellationToken originalCancellationToken)
   at System.Net.Http.Json.HttpClientJsonExtensions.GetFromJsonAsyncCore[T](Task`1 taskResponse, JsonSerializerOptions options, CancellationToken cancellationToken)
   at RunningEventsSystem.BlazorServer.Services.AdminApiService.GetUsersAsync() in C:\Users\wikto\source\repos\WiktorKostera\PAB_projekt\BlazorServer\Services\AdminApiService.cs:line 85
2026-06-02 23:05:13 [ERR] Błąd pobierania listy eventów
System.Net.Http.HttpRequestException: Nie można nawiązać połączenia, ponieważ komputer docelowy aktywnie go odmawia. (localhost:5234)
 ---> System.Net.Sockets.SocketException (10061): Nie można nawiązać połączenia, ponieważ komputer docelowy aktywnie go odmawia.
   at System.Net.Sockets.Socket.AwaitableSocketAsyncEventArgs.ThrowException(SocketError error, CancellationToken cancellationToken)
   at System.Net.Sockets.Socket.AwaitableSocketAsyncEventArgs.System.Threading.Tasks.Sources.IValueTaskSource.GetResult(Int16 token)
   at System.Net.Sockets.Socket.<ConnectAsync>g__WaitForConnectWithCancellation|277_0(AwaitableSocketAsyncEventArgs saea, ValueTask connectTask, CancellationToken cancellationToken)
   at System.Net.Http.HttpConnectionPool.ConnectToTcpHostAsync(String host, Int32 port, HttpRequestMessage initialRequest, Boolean async, CancellationToken cancellationToken)
   --- End of inner exception stack trace ---
   at System.Net.Http.HttpConnectionPool.ConnectToTcpHostAsync(String host, Int32 port, HttpRequestMessage initialRequest, Boolean async, CancellationToken cancellationToken)
   at System.Net.Http.HttpConnectionPool.ConnectAsync(HttpRequestMessage request, Boolean async, CancellationToken cancellationToken)
   at System.Net.Http.HttpConnectionPool.CreateHttp11ConnectionAsync(HttpRequestMessage request, Boolean async, CancellationToken cancellationToken)
   at System.Net.Http.HttpConnectionPool.AddHttp11ConnectionAsync(HttpRequestMessage request)
   at System.Threading.Tasks.TaskCompletionSourceWithCancellation`1.WaitWithCancellationAsync(CancellationToken cancellationToken)
   at System.Net.Http.HttpConnectionPool.GetHttp11ConnectionAsync(HttpRequestMessage request, Boolean async, CancellationToken cancellationToken)
   at System.Net.Http.HttpConnectionPool.SendWithVersionDetectionAndRetryAsync(HttpRequestMessage request, Boolean async, Boolean doRequestAuth, CancellationToken cancellationToken)
   at System.Net.Http.DiagnosticsHandler.SendAsyncCore(HttpRequestMessage request, Boolean async, CancellationToken cancellationToken)
   at System.Net.Http.RedirectHandler.SendAsync(HttpRequestMessage request, Boolean async, CancellationToken cancellationToken)
   at Microsoft.Extensions.Http.Logging.LoggingHttpMessageHandler.SendAsync(HttpRequestMessage request, CancellationToken cancellationToken)
   at Microsoft.Extensions.Http.Logging.LoggingScopeHttpMessageHandler.SendAsync(HttpRequestMessage request, CancellationToken cancellationToken)
   at System.Net.Http.HttpClient.<SendAsync>g__Core|83_0(HttpRequestMessage request, HttpCompletionOption completionOption, CancellationTokenSource cts, Boolean disposeCts, CancellationTokenSource pendingRequestsCts, CancellationToken originalCancellationToken)
   at System.Net.Http.Json.HttpClientJsonExtensions.GetFromJsonAsyncCore[T](Task`1 taskResponse, JsonSerializerOptions options, CancellationToken cancellationToken)
   at RunningEventsSystem.BlazorServer.Services.AdminApiService.GetEventsAsync() in C:\Users\wikto\source\repos\WiktorKostera\PAB_projekt\BlazorServer\Services\AdminApiService.cs:line 46
2026-06-02 23:05:17 [ERR] Błąd pobierania listy użytkowników
System.Net.Http.HttpRequestException: Nie można nawiązać połączenia, ponieważ komputer docelowy aktywnie go odmawia. (localhost:5234)
 ---> System.Net.Sockets.SocketException (10061): Nie można nawiązać połączenia, ponieważ komputer docelowy aktywnie go odmawia.
   at System.Net.Sockets.Socket.AwaitableSocketAsyncEventArgs.ThrowException(SocketError error, CancellationToken cancellationToken)
   at System.Net.Sockets.Socket.AwaitableSocketAsyncEventArgs.System.Threading.Tasks.Sources.IValueTaskSource.GetResult(Int16 token)
   at System.Net.Sockets.Socket.<ConnectAsync>g__WaitForConnectWithCancellation|277_0(AwaitableSocketAsyncEventArgs saea, ValueTask connectTask, CancellationToken cancellationToken)
   at System.Net.Http.HttpConnectionPool.ConnectToTcpHostAsync(String host, Int32 port, HttpRequestMessage initialRequest, Boolean async, CancellationToken cancellationToken)
   --- End of inner exception stack trace ---
   at System.Net.Http.HttpConnectionPool.ConnectToTcpHostAsync(String host, Int32 port, HttpRequestMessage initialRequest, Boolean async, CancellationToken cancellationToken)
   at System.Net.Http.HttpConnectionPool.ConnectAsync(HttpRequestMessage request, Boolean async, CancellationToken cancellationToken)
   at System.Net.Http.HttpConnectionPool.CreateHttp11ConnectionAsync(HttpRequestMessage request, Boolean async, CancellationToken cancellationToken)
   at System.Net.Http.HttpConnectionPool.AddHttp11ConnectionAsync(HttpRequestMessage request)
   at System.Threading.Tasks.TaskCompletionSourceWithCancellation`1.WaitWithCancellationAsync(CancellationToken cancellationToken)
   at System.Net.Http.HttpConnectionPool.GetHttp11ConnectionAsync(HttpRequestMessage request, Boolean async, CancellationToken cancellationToken)
   at System.Net.Http.HttpConnectionPool.SendWithVersionDetectionAndRetryAsync(HttpRequestMessage request, Boolean async, Boolean doRequestAuth, CancellationToken cancellationToken)
   at System.Net.Http.DiagnosticsHandler.SendAsyncCore(HttpRequestMessage request, Boolean async, CancellationToken cancellationToken)
   at System.Net.Http.RedirectHandler.SendAsync(HttpRequestMessage request, Boolean async, CancellationToken cancellationToken)
   at Microsoft.Extensions.Http.Logging.LoggingHttpMessageHandler.SendAsync(HttpRequestMessage request, CancellationToken cancellationToken)
   at Microsoft.Extensions.Http.Logging.LoggingScopeHttpMessageHandler.SendAsync(HttpRequestMessage request, CancellationToken cancellationToken)
   at System.Net.Http.HttpClient.<SendAsync>g__Core|83_0(HttpRequestMessage request, HttpCompletionOption completionOption, CancellationTokenSource cts, Boolean disposeCts, CancellationTokenSource pendingRequestsCts, CancellationToken originalCancellationToken)
   at System.Net.Http.Json.HttpClientJsonExtensions.GetFromJsonAsyncCore[T](Task`1 taskResponse, JsonSerializerOptions options, CancellationToken cancellationToken)
   at RunningEventsSystem.BlazorServer.Services.AdminApiService.GetUsersAsync() in C:\Users\wikto\source\repos\WiktorKostera\PAB_projekt\BlazorServer\Services\AdminApiService.cs:line 85
2026-06-02 23:05:22 [ERR] Błąd pobierania listy eventów
System.Net.Http.HttpRequestException: Nie można nawiązać połączenia, ponieważ komputer docelowy aktywnie go odmawia. (localhost:5234)
 ---> System.Net.Sockets.SocketException (10061): Nie można nawiązać połączenia, ponieważ komputer docelowy aktywnie go odmawia.
   at System.Net.Sockets.Socket.AwaitableSocketAsyncEventArgs.ThrowException(SocketError error, CancellationToken cancellationToken)
   at System.Net.Sockets.Socket.AwaitableSocketAsyncEventArgs.System.Threading.Tasks.Sources.IValueTaskSource.GetResult(Int16 token)
   at System.Net.Sockets.Socket.<ConnectAsync>g__WaitForConnectWithCancellation|277_0(AwaitableSocketAsyncEventArgs saea, ValueTask connectTask, CancellationToken cancellationToken)
   at System.Net.Http.HttpConnectionPool.ConnectToTcpHostAsync(String host, Int32 port, HttpRequestMessage initialRequest, Boolean async, CancellationToken cancellationToken)
   --- End of inner exception stack trace ---
   at System.Net.Http.HttpConnectionPool.ConnectToTcpHostAsync(String host, Int32 port, HttpRequestMessage initialRequest, Boolean async, CancellationToken cancellationToken)
   at System.Net.Http.HttpConnectionPool.ConnectAsync(HttpRequestMessage request, Boolean async, CancellationToken cancellationToken)
   at System.Net.Http.HttpConnectionPool.CreateHttp11ConnectionAsync(HttpRequestMessage request, Boolean async, CancellationToken cancellationToken)
   at System.Net.Http.HttpConnectionPool.AddHttp11ConnectionAsync(HttpRequestMessage request)
   at System.Threading.Tasks.TaskCompletionSourceWithCancellation`1.WaitWithCancellationAsync(CancellationToken cancellationToken)
   at System.Net.Http.HttpConnectionPool.GetHttp11ConnectionAsync(HttpRequestMessage request, Boolean async, CancellationToken cancellationToken)
   at System.Net.Http.HttpConnectionPool.SendWithVersionDetectionAndRetryAsync(HttpRequestMessage request, Boolean async, Boolean doRequestAuth, CancellationToken cancellationToken)
   at System.Net.Http.DiagnosticsHandler.SendAsyncCore(HttpRequestMessage request, Boolean async, CancellationToken cancellationToken)
   at System.Net.Http.RedirectHandler.SendAsync(HttpRequestMessage request, Boolean async, CancellationToken cancellationToken)
   at Microsoft.Extensions.Http.Logging.LoggingHttpMessageHandler.SendAsync(HttpRequestMessage request, CancellationToken cancellationToken)
   at Microsoft.Extensions.Http.Logging.LoggingScopeHttpMessageHandler.SendAsync(HttpRequestMessage request, CancellationToken cancellationToken)
   at System.Net.Http.HttpClient.<SendAsync>g__Core|83_0(HttpRequestMessage request, HttpCompletionOption completionOption, CancellationTokenSource cts, Boolean disposeCts, CancellationTokenSource pendingRequestsCts, CancellationToken originalCancellationToken)
   at System.Net.Http.Json.HttpClientJsonExtensions.GetFromJsonAsyncCore[T](Task`1 taskResponse, JsonSerializerOptions options, CancellationToken cancellationToken)
   at RunningEventsSystem.BlazorServer.Services.AdminApiService.GetEventsAsync() in C:\Users\wikto\source\repos\WiktorKostera\PAB_projekt\BlazorServer\Services\AdminApiService.cs:line 46
2026-06-02 23:05:26 [ERR] Błąd pobierania listy użytkowników
System.Net.Http.HttpRequestException: Nie można nawiązać połączenia, ponieważ komputer docelowy aktywnie go odmawia. (localhost:5234)
 ---> System.Net.Sockets.SocketException (10061): Nie można nawiązać połączenia, ponieważ komputer docelowy aktywnie go odmawia.
   at System.Net.Sockets.Socket.AwaitableSocketAsyncEventArgs.ThrowException(SocketError error, CancellationToken cancellationToken)
   at System.Net.Sockets.Socket.AwaitableSocketAsyncEventArgs.System.Threading.Tasks.Sources.IValueTaskSource.GetResult(Int16 token)
   at System.Net.Sockets.Socket.<ConnectAsync>g__WaitForConnectWithCancellation|277_0(AwaitableSocketAsyncEventArgs saea, ValueTask connectTask, CancellationToken cancellationToken)
   at System.Net.Http.HttpConnectionPool.ConnectToTcpHostAsync(String host, Int32 port, HttpRequestMessage initialRequest, Boolean async, CancellationToken cancellationToken)
   --- End of inner exception stack trace ---
   at System.Net.Http.HttpConnectionPool.ConnectToTcpHostAsync(String host, Int32 port, HttpRequestMessage initialRequest, Boolean async, CancellationToken cancellationToken)
   at System.Net.Http.HttpConnectionPool.ConnectAsync(HttpRequestMessage request, Boolean async, CancellationToken cancellationToken)
   at System.Net.Http.HttpConnectionPool.CreateHttp11ConnectionAsync(HttpRequestMessage request, Boolean async, CancellationToken cancellationToken)
   at System.Net.Http.HttpConnectionPool.AddHttp11ConnectionAsync(HttpRequestMessage request)
   at System.Threading.Tasks.TaskCompletionSourceWithCancellation`1.WaitWithCancellationAsync(CancellationToken cancellationToken)
   at System.Net.Http.HttpConnectionPool.GetHttp11ConnectionAsync(HttpRequestMessage request, Boolean async, CancellationToken cancellationToken)
   at System.Net.Http.HttpConnectionPool.SendWithVersionDetectionAndRetryAsync(HttpRequestMessage request, Boolean async, Boolean doRequestAuth, CancellationToken cancellationToken)
   at System.Net.Http.DiagnosticsHandler.SendAsyncCore(HttpRequestMessage request, Boolean async, CancellationToken cancellationToken)
   at System.Net.Http.RedirectHandler.SendAsync(HttpRequestMessage request, Boolean async, CancellationToken cancellationToken)
   at Microsoft.Extensions.Http.Logging.LoggingHttpMessageHandler.SendAsync(HttpRequestMessage request, CancellationToken cancellationToken)
   at Microsoft.Extensions.Http.Logging.LoggingScopeHttpMessageHandler.SendAsync(HttpRequestMessage request, CancellationToken cancellationToken)
   at System.Net.Http.HttpClient.<SendAsync>g__Core|83_0(HttpRequestMessage request, HttpCompletionOption completionOption, CancellationTokenSource cts, Boolean disposeCts, CancellationTokenSource pendingRequestsCts, CancellationToken originalCancellationToken)
   at System.Net.Http.Json.HttpClientJsonExtensions.GetFromJsonAsyncCore[T](Task`1 taskResponse, JsonSerializerOptions options, CancellationToken cancellationToken)
   at RunningEventsSystem.BlazorServer.Services.AdminApiService.GetUsersAsync() in C:\Users\wikto\source\repos\WiktorKostera\PAB_projekt\BlazorServer\Services\AdminApiService.cs:line 85
2026-06-02 23:05:27 [ERR] Unhandled exception in circuit 'a276MpTvqcpacuQUD706H-6dQKn0i0ztvWffnnCtQco'.
System.ArgumentException: 'Field' is not a member of type 'System.ValueTuple`2[System.String,System.String]' (Parameter 'propertyOrFieldName')
   at System.Linq.Expressions.Expression.PropertyOrField(Expression expression, String propertyOrFieldName)
   at Radzen.PropertyAccess.Getter[TItem,TValue](String propertyName, Type type)
   at Radzen.DropDownBase`1.OnParametersSet()
   at Microsoft.AspNetCore.Components.ComponentBase.CallOnParametersSetAsync()
   at Microsoft.AspNetCore.Components.ComponentBase.RunInitAndSetParametersAsync()
   at Radzen.RadzenComponent.SetParametersAsync(ParameterView parameters)
   at Radzen.DataBoundFormComponent`1.SetParametersAsync(ParameterView parameters)
   at Radzen.DropDownBase`1.SetParametersAsync(ParameterView parameters)
   at Radzen.Blazor.RadzenDropDown`1.SetParametersAsync(ParameterView parameters)
2026-06-02 23:05:27 [ERR] Unhandled exception in circuit 'a276MpTvqcpacuQUD706H-6dQKn0i0ztvWffnnCtQco'.
System.ObjectDisposedException: Cannot access a disposed object.
   at Microsoft.AspNetCore.Components.RenderTree.ArrayBuilder`1.ThrowObjectDisposedException()
   at Microsoft.AspNetCore.Components.RenderTree.ArrayBuilder`1.GrowBuffer(Int32 desiredCapacity)
   at Microsoft.AspNetCore.Components.RenderTree.RenderTreeDiffBuilder.InsertNewFrame(DiffContext& diffContext, Int32 newFrameIndex)
   at Microsoft.AspNetCore.Components.RenderTree.RenderTreeDiffBuilder.AppendDiffEntriesForRange(DiffContext& diffContext, Int32 oldStartIndex, Int32 oldEndIndexExcl, Int32 newStartIndex, Int32 newEndIndexExcl)
   at Microsoft.AspNetCore.Components.RenderTree.RenderTreeDiffBuilder.ComputeDiff(Renderer renderer, RenderBatchBuilder batchBuilder, Int32 componentId, ArrayRange`1 oldTree, ArrayRange`1 newTree)
   at Microsoft.AspNetCore.Components.Rendering.ComponentState.RenderIntoBatch(RenderBatchBuilder batchBuilder, RenderFragment renderFragment, Exception& renderFragmentException)
   at Microsoft.AspNetCore.Components.RenderTree.Renderer.ProcessRenderQueue()
2026-06-02 23:05:31 [ERR] Błąd pobierania listy użytkowników
System.Net.Http.HttpRequestException: Nie można nawiązać połączenia, ponieważ komputer docelowy aktywnie go odmawia. (localhost:5234)
 ---> System.Net.Sockets.SocketException (10061): Nie można nawiązać połączenia, ponieważ komputer docelowy aktywnie go odmawia.
   at System.Net.Sockets.Socket.AwaitableSocketAsyncEventArgs.ThrowException(SocketError error, CancellationToken cancellationToken)
   at System.Net.Sockets.Socket.AwaitableSocketAsyncEventArgs.System.Threading.Tasks.Sources.IValueTaskSource.GetResult(Int16 token)
   at System.Net.Sockets.Socket.<ConnectAsync>g__WaitForConnectWithCancellation|277_0(AwaitableSocketAsyncEventArgs saea, ValueTask connectTask, CancellationToken cancellationToken)
   at System.Net.Http.HttpConnectionPool.ConnectToTcpHostAsync(String host, Int32 port, HttpRequestMessage initialRequest, Boolean async, CancellationToken cancellationToken)
   --- End of inner exception stack trace ---
   at System.Net.Http.HttpConnectionPool.ConnectToTcpHostAsync(String host, Int32 port, HttpRequestMessage initialRequest, Boolean async, CancellationToken cancellationToken)
   at System.Net.Http.HttpConnectionPool.ConnectAsync(HttpRequestMessage request, Boolean async, CancellationToken cancellationToken)
   at System.Net.Http.HttpConnectionPool.CreateHttp11ConnectionAsync(HttpRequestMessage request, Boolean async, CancellationToken cancellationToken)
   at System.Net.Http.HttpConnectionPool.AddHttp11ConnectionAsync(HttpRequestMessage request)
   at System.Threading.Tasks.TaskCompletionSourceWithCancellation`1.WaitWithCancellationAsync(CancellationToken cancellationToken)
   at System.Net.Http.HttpConnectionPool.GetHttp11ConnectionAsync(HttpRequestMessage request, Boolean async, CancellationToken cancellationToken)
   at System.Net.Http.HttpConnectionPool.SendWithVersionDetectionAndRetryAsync(HttpRequestMessage request, Boolean async, Boolean doRequestAuth, CancellationToken cancellationToken)
   at System.Net.Http.DiagnosticsHandler.SendAsyncCore(HttpRequestMessage request, Boolean async, CancellationToken cancellationToken)
   at System.Net.Http.RedirectHandler.SendAsync(HttpRequestMessage request, Boolean async, CancellationToken cancellationToken)
   at Microsoft.Extensions.Http.Logging.LoggingHttpMessageHandler.SendAsync(HttpRequestMessage request, CancellationToken cancellationToken)
   at Microsoft.Extensions.Http.Logging.LoggingScopeHttpMessageHandler.SendAsync(HttpRequestMessage request, CancellationToken cancellationToken)
   at System.Net.Http.HttpClient.<SendAsync>g__Core|83_0(HttpRequestMessage request, HttpCompletionOption completionOption, CancellationTokenSource cts, Boolean disposeCts, CancellationTokenSource pendingRequestsCts, CancellationToken originalCancellationToken)
   at System.Net.Http.Json.HttpClientJsonExtensions.GetFromJsonAsyncCore[T](Task`1 taskResponse, JsonSerializerOptions options, CancellationToken cancellationToken)
   at RunningEventsSystem.BlazorServer.Services.AdminApiService.GetUsersAsync() in C:\Users\wikto\source\repos\WiktorKostera\PAB_projekt\BlazorServer\Services\AdminApiService.cs:line 85
2026-06-02 23:05:44 [ERR] An unhandled exception has occurred while executing the request.
System.ArgumentException: 'Field' is not a member of type 'System.ValueTuple`2[System.String,System.String]' (Parameter 'propertyOrFieldName')
   at System.Linq.Expressions.Expression.PropertyOrField(Expression expression, String propertyOrFieldName)
   at Radzen.PropertyAccess.Getter[TItem,TValue](String propertyName, Type type)
   at Radzen.DropDownBase`1.OnParametersSet()
   at Microsoft.AspNetCore.Components.ComponentBase.CallOnParametersSetAsync()
   at Microsoft.AspNetCore.Components.ComponentBase.RunInitAndSetParametersAsync()
   at Radzen.RadzenComponent.SetParametersAsync(ParameterView parameters)
   at Radzen.DataBoundFormComponent`1.SetParametersAsync(ParameterView parameters)
   at Radzen.DropDownBase`1.SetParametersAsync(ParameterView parameters)
   at Radzen.Blazor.RadzenDropDown`1.SetParametersAsync(ParameterView parameters)
   at Microsoft.AspNetCore.Components.Rendering.HtmlRenderer.HandleException(Exception exception)
   at Microsoft.AspNetCore.Components.RenderTree.Renderer.HandleExceptionViaErrorBoundary(Exception error, ComponentState errorSourceOrNull)
   at Microsoft.AspNetCore.Components.RenderTree.Renderer.AddToPendingTasks(Task task, ComponentState owningComponentState)
   at Microsoft.AspNetCore.Components.Rendering.ComponentState.SupplyCombinedParameters(ParameterView directAndCascadingParameters)
   at Microsoft.AspNetCore.Components.Rendering.ComponentState.SetDirectParameters(ParameterView parameters)
   at Microsoft.AspNetCore.Components.RenderTree.RenderTreeDiffBuilder.InitializeNewComponentFrame(DiffContext& diffContext, Int32 frameIndex)
   at Microsoft.AspNetCore.Components.RenderTree.RenderTreeDiffBuilder.InitializeNewSubtree(DiffContext& diffContext, Int32 frameIndex)
   at Microsoft.AspNetCore.Components.RenderTree.RenderTreeDiffBuilder.InsertNewFrame(DiffContext& diffContext, Int32 newFrameIndex)
   at Microsoft.AspNetCore.Components.RenderTree.RenderTreeDiffBuilder.AppendDiffEntriesForRange(DiffContext& diffContext, Int32 oldStartIndex, Int32 oldEndIndexExcl, Int32 newStartIndex, Int32 newEndIndexExcl)
   at Microsoft.AspNetCore.Components.RenderTree.RenderTreeDiffBuilder.ComputeDiff(Renderer renderer, RenderBatchBuilder batchBuilder, Int32 componentId, ArrayRange`1 oldTree, ArrayRange`1 newTree)
   at Microsoft.AspNetCore.Components.Rendering.ComponentState.RenderIntoBatch(RenderBatchBuilder batchBuilder, RenderFragment renderFragment, Exception& renderFragmentException)
   at Microsoft.AspNetCore.Components.RenderTree.Renderer.ProcessRenderQueue()
--- End of stack trace from previous location ---
   at Microsoft.AspNetCore.Components.Rendering.HtmlRenderer.HandleException(Exception exception)
   at Microsoft.AspNetCore.Components.RenderTree.Renderer.ProcessRenderQueue()
   at Microsoft.AspNetCore.Components.RenderTree.Renderer.ProcessPendingRender()
   at Microsoft.AspNetCore.Components.RenderTree.Renderer.AddToRenderQueue(Int32 componentId, RenderFragment renderFragment)
   at Microsoft.AspNetCore.Components.ComponentBase.StateHasChanged()
   at Microsoft.AspNetCore.Components.ComponentBase.CallOnParametersSetAsync()
   at Microsoft.AspNetCore.Components.ComponentBase.RunInitAndSetParametersAsync()
   at Microsoft.AspNetCore.Components.Rendering.HtmlRenderer.HandleException(Exception exception)
   at Microsoft.AspNetCore.Components.RenderTree.Renderer.HandleExceptionViaErrorBoundary(Exception error, ComponentState errorSourceOrNull)
   at Microsoft.AspNetCore.Components.RenderTree.Renderer.AddToPendingTasks(Task task, ComponentState owningComponentState)
   at Microsoft.AspNetCore.Components.Rendering.ComponentState.SupplyCombinedParameters(ParameterView directAndCascadingParameters)
   at Microsoft.AspNetCore.Components.Rendering.ComponentState.SetDirectParameters(ParameterView parameters)
   at Microsoft.AspNetCore.Components.RenderTree.Renderer.RenderRootComponentAsync(Int32 componentId, ParameterView initialParameters)
   at Microsoft.AspNetCore.Components.Rendering.HtmlRenderer.CreateInitialRenderAsync(Type componentType, ParameterView initialParameters)
   at Microsoft.AspNetCore.Components.Rendering.HtmlRenderer.RenderComponentAsync(Type componentType, ParameterView initialParameters)
   at Microsoft.AspNetCore.Components.Rendering.RendererSynchronizationContext.<>c__11`1.<<InvokeAsync>b__11_0>d.MoveNext()
--- End of stack trace from previous location ---
   at Microsoft.AspNetCore.Mvc.ViewFeatures.StaticComponentRenderer.PrerenderComponentAsync(ParameterView parameters, HttpContext httpContext, Type componentType)
   at Microsoft.AspNetCore.Mvc.ViewFeatures.ComponentRenderer.PrerenderedServerComponentAsync(HttpContext context, ServerComponentInvocationSequence invocationId, Type type, ParameterView parametersCollection)
   at Microsoft.AspNetCore.Mvc.ViewFeatures.ComponentRenderer.RenderComponentAsync(ViewContext viewContext, Type componentType, RenderMode renderMode, Object parameters)
   at Microsoft.AspNetCore.Mvc.TagHelpers.ComponentTagHelper.ProcessAsync(TagHelperContext context, TagHelperOutput output)
   at Microsoft.AspNetCore.Razor.Runtime.TagHelpers.TagHelperRunner.<RunAsync>g__Awaited|0_0(Task task, TagHelperExecutionContext executionContext, Int32 i, Int32 count)
   at RunningEventsSystem.BlazorServer.Pages.Pages__Host.<ExecuteAsync>b__14_1()
   at Microsoft.AspNetCore.Razor.Runtime.TagHelpers.TagHelperExecutionContext.SetOutputContentAsync()
   at RunningEventsSystem.BlazorServer.Pages.Pages__Host.ExecuteAsync() in C:\Users\wikto\source\repos\WiktorKostera\PAB_projekt\BlazorServer\Pages\_Host.cshtml:line 5
   at Microsoft.AspNetCore.Mvc.Razor.RazorView.RenderPageCoreAsync(IRazorPage page, ViewContext context)
   at Microsoft.AspNetCore.Mvc.Razor.RazorView.RenderPageAsync(IRazorPage page, ViewContext context, Boolean invokeViewStarts)
   at Microsoft.AspNetCore.Mvc.Razor.RazorView.RenderAsync(ViewContext context)
   at Microsoft.AspNetCore.Mvc.ViewFeatures.ViewExecutor.ExecuteAsync(ViewContext viewContext, String contentType, Nullable`1 statusCode)
   at Microsoft.AspNetCore.Mvc.ViewFeatures.ViewExecutor.ExecuteAsync(ViewContext viewContext, String contentType, Nullable`1 statusCode)
   at Microsoft.AspNetCore.Mvc.Infrastructure.ResourceInvoker.<InvokeNextResultFilterAsync>g__Awaited|30_0[TFilter,TFilterAsync](ResourceInvoker invoker, Task lastTask, State next, Scope scope, Object state, Boolean isCompleted)
   at Microsoft.AspNetCore.Mvc.Infrastructure.ResourceInvoker.Rethrow(ResultExecutedContextSealed context)
   at Microsoft.AspNetCore.Mvc.Infrastructure.ResourceInvoker.ResultNext[TFilter,TFilterAsync](State& next, Scope& scope, Object& state, Boolean& isCompleted)
   at Microsoft.AspNetCore.Mvc.Infrastructure.ResourceInvoker.InvokeResultFilters()
--- End of stack trace from previous location ---
   at Microsoft.AspNetCore.Mvc.Infrastructure.ResourceInvoker.<InvokeNextResourceFilter>g__Awaited|25_0(ResourceInvoker invoker, Task lastTask, State next, Scope scope, Object state, Boolean isCompleted)
   at Microsoft.AspNetCore.Mvc.Infrastructure.ResourceInvoker.Rethrow(ResourceExecutedContextSealed context)
   at Microsoft.AspNetCore.Mvc.Infrastructure.ResourceInvoker.Next(State& next, Scope& scope, Object& state, Boolean& isCompleted)
   at Microsoft.AspNetCore.Mvc.Infrastructure.ResourceInvoker.InvokeFilterPipelineAsync()
--- End of stack trace from previous location ---
   at Microsoft.AspNetCore.Mvc.Infrastructure.ResourceInvoker.<InvokeAsync>g__Awaited|17_0(ResourceInvoker invoker, Task task, IDisposable scope)
   at Microsoft.AspNetCore.Mvc.Infrastructure.ResourceInvoker.<InvokeAsync>g__Awaited|17_0(ResourceInvoker invoker, Task task, IDisposable scope)
   at Microsoft.AspNetCore.Routing.EndpointMiddleware.<Invoke>g__AwaitRequestTask|6_0(Endpoint endpoint, Task requestTask, ILogger logger)
   at Microsoft.AspNetCore.Diagnostics.DeveloperExceptionPageMiddleware.Invoke(HttpContext context)
2026-06-02 23:05:46 [ERR] An unhandled exception has occurred while executing the request.
System.ArgumentException: 'Field' is not a member of type 'System.ValueTuple`2[System.String,System.String]' (Parameter 'propertyOrFieldName')
   at System.Linq.Expressions.Expression.PropertyOrField(Expression expression, String propertyOrFieldName)
   at Radzen.PropertyAccess.Getter[TItem,TValue](String propertyName, Type type)
   at Radzen.DropDownBase`1.OnParametersSet()
   at Microsoft.AspNetCore.Components.ComponentBase.CallOnParametersSetAsync()
   at Microsoft.AspNetCore.Components.ComponentBase.RunInitAndSetParametersAsync()
   at Radzen.RadzenComponent.SetParametersAsync(ParameterView parameters)
   at Radzen.DataBoundFormComponent`1.SetParametersAsync(ParameterView parameters)
   at Radzen.DropDownBase`1.SetParametersAsync(ParameterView parameters)
   at Radzen.Blazor.RadzenDropDown`1.SetParametersAsync(ParameterView parameters)
   at Microsoft.AspNetCore.Components.Rendering.HtmlRenderer.HandleException(Exception exception)
   at Microsoft.AspNetCore.Components.RenderTree.Renderer.HandleExceptionViaErrorBoundary(Exception error, ComponentState errorSourceOrNull)
   at Microsoft.AspNetCore.Components.RenderTree.Renderer.AddToPendingTasks(Task task, ComponentState owningComponentState)
   at Microsoft.AspNetCore.Components.Rendering.ComponentState.SupplyCombinedParameters(ParameterView directAndCascadingParameters)
   at Microsoft.AspNetCore.Components.Rendering.ComponentState.SetDirectParameters(ParameterView parameters)
   at Microsoft.AspNetCore.Components.RenderTree.RenderTreeDiffBuilder.InitializeNewComponentFrame(DiffContext& diffContext, Int32 frameIndex)
   at Microsoft.AspNetCore.Components.RenderTree.RenderTreeDiffBuilder.InitializeNewSubtree(DiffContext& diffContext, Int32 frameIndex)
   at Microsoft.AspNetCore.Components.RenderTree.RenderTreeDiffBuilder.InsertNewFrame(DiffContext& diffContext, Int32 newFrameIndex)
   at Microsoft.AspNetCore.Components.RenderTree.RenderTreeDiffBuilder.AppendDiffEntriesForRange(DiffContext& diffContext, Int32 oldStartIndex, Int32 oldEndIndexExcl, Int32 newStartIndex, Int32 newEndIndexExcl)
   at Microsoft.AspNetCore.Components.RenderTree.RenderTreeDiffBuilder.ComputeDiff(Renderer renderer, RenderBatchBuilder batchBuilder, Int32 componentId, ArrayRange`1 oldTree, ArrayRange`1 newTree)
   at Microsoft.AspNetCore.Components.Rendering.ComponentState.RenderIntoBatch(RenderBatchBuilder batchBuilder, RenderFragment renderFragment, Exception& renderFragmentException)
   at Microsoft.AspNetCore.Components.RenderTree.Renderer.ProcessRenderQueue()
--- End of stack trace from previous location ---
   at Microsoft.AspNetCore.Components.Rendering.HtmlRenderer.HandleException(Exception exception)
   at Microsoft.AspNetCore.Components.RenderTree.Renderer.ProcessRenderQueue()
   at Microsoft.AspNetCore.Components.RenderTree.Renderer.ProcessPendingRender()
   at Microsoft.AspNetCore.Components.RenderTree.Renderer.AddToRenderQueue(Int32 componentId, RenderFragment renderFragment)
   at Microsoft.AspNetCore.Components.ComponentBase.StateHasChanged()
   at Microsoft.AspNetCore.Components.ComponentBase.CallOnParametersSetAsync()
   at Microsoft.AspNetCore.Components.ComponentBase.RunInitAndSetParametersAsync()
   at Microsoft.AspNetCore.Components.Rendering.HtmlRenderer.HandleException(Exception exception)
   at Microsoft.AspNetCore.Components.RenderTree.Renderer.HandleExceptionViaErrorBoundary(Exception error, ComponentState errorSourceOrNull)
   at Microsoft.AspNetCore.Components.RenderTree.Renderer.AddToPendingTasks(Task task, ComponentState owningComponentState)
   at Microsoft.AspNetCore.Components.Rendering.ComponentState.SupplyCombinedParameters(ParameterView directAndCascadingParameters)
   at Microsoft.AspNetCore.Components.Rendering.ComponentState.SetDirectParameters(ParameterView parameters)
   at Microsoft.AspNetCore.Components.RenderTree.Renderer.RenderRootComponentAsync(Int32 componentId, ParameterView initialParameters)
   at Microsoft.AspNetCore.Components.Rendering.HtmlRenderer.CreateInitialRenderAsync(Type componentType, ParameterView initialParameters)
   at Microsoft.AspNetCore.Components.Rendering.HtmlRenderer.RenderComponentAsync(Type componentType, ParameterView initialParameters)
   at Microsoft.AspNetCore.Components.Rendering.RendererSynchronizationContext.<>c__11`1.<<InvokeAsync>b__11_0>d.MoveNext()
--- End of stack trace from previous location ---
   at Microsoft.AspNetCore.Mvc.ViewFeatures.StaticComponentRenderer.PrerenderComponentAsync(ParameterView parameters, HttpContext httpContext, Type componentType)
   at Microsoft.AspNetCore.Mvc.ViewFeatures.ComponentRenderer.PrerenderedServerComponentAsync(HttpContext context, ServerComponentInvocationSequence invocationId, Type type, ParameterView parametersCollection)
   at Microsoft.AspNetCore.Mvc.ViewFeatures.ComponentRenderer.RenderComponentAsync(ViewContext viewContext, Type componentType, RenderMode renderMode, Object parameters)
   at Microsoft.AspNetCore.Mvc.TagHelpers.ComponentTagHelper.ProcessAsync(TagHelperContext context, TagHelperOutput output)
   at Microsoft.AspNetCore.Razor.Runtime.TagHelpers.TagHelperRunner.<RunAsync>g__Awaited|0_0(Task task, TagHelperExecutionContext executionContext, Int32 i, Int32 count)
   at RunningEventsSystem.BlazorServer.Pages.Pages__Host.<ExecuteAsync>b__14_1()
   at Microsoft.AspNetCore.Razor.Runtime.TagHelpers.TagHelperExecutionContext.SetOutputContentAsync()
   at RunningEventsSystem.BlazorServer.Pages.Pages__Host.ExecuteAsync() in C:\Users\wikto\source\repos\WiktorKostera\PAB_projekt\BlazorServer\Pages\_Host.cshtml:line 5
   at Microsoft.AspNetCore.Mvc.Razor.RazorView.RenderPageCoreAsync(IRazorPage page, ViewContext context)
   at Microsoft.AspNetCore.Mvc.Razor.RazorView.RenderPageAsync(IRazorPage page, ViewContext context, Boolean invokeViewStarts)
   at Microsoft.AspNetCore.Mvc.Razor.RazorView.RenderAsync(ViewContext context)
   at Microsoft.AspNetCore.Mvc.ViewFeatures.ViewExecutor.ExecuteAsync(ViewContext viewContext, String contentType, Nullable`1 statusCode)
   at Microsoft.AspNetCore.Mvc.ViewFeatures.ViewExecutor.ExecuteAsync(ViewContext viewContext, String contentType, Nullable`1 statusCode)
   at Microsoft.AspNetCore.Mvc.Infrastructure.ResourceInvoker.<InvokeNextResultFilterAsync>g__Awaited|30_0[TFilter,TFilterAsync](ResourceInvoker invoker, Task lastTask, State next, Scope scope, Object state, Boolean isCompleted)
   at Microsoft.AspNetCore.Mvc.Infrastructure.ResourceInvoker.Rethrow(ResultExecutedContextSealed context)
   at Microsoft.AspNetCore.Mvc.Infrastructure.ResourceInvoker.ResultNext[TFilter,TFilterAsync](State& next, Scope& scope, Object& state, Boolean& isCompleted)
   at Microsoft.AspNetCore.Mvc.Infrastructure.ResourceInvoker.InvokeResultFilters()
--- End of stack trace from previous location ---
   at Microsoft.AspNetCore.Mvc.Infrastructure.ResourceInvoker.<InvokeNextResourceFilter>g__Awaited|25_0(ResourceInvoker invoker, Task lastTask, State next, Scope scope, Object state, Boolean isCompleted)
   at Microsoft.AspNetCore.Mvc.Infrastructure.ResourceInvoker.Rethrow(ResourceExecutedContextSealed context)
   at Microsoft.AspNetCore.Mvc.Infrastructure.ResourceInvoker.Next(State& next, Scope& scope, Object& state, Boolean& isCompleted)
   at Microsoft.AspNetCore.Mvc.Infrastructure.ResourceInvoker.InvokeFilterPipelineAsync()
--- End of stack trace from previous location ---
   at Microsoft.AspNetCore.Mvc.Infrastructure.ResourceInvoker.<InvokeAsync>g__Awaited|17_0(ResourceInvoker invoker, Task task, IDisposable scope)
   at Microsoft.AspNetCore.Mvc.Infrastructure.ResourceInvoker.<InvokeAsync>g__Awaited|17_0(ResourceInvoker invoker, Task task, IDisposable scope)
   at Microsoft.AspNetCore.Routing.EndpointMiddleware.<Invoke>g__AwaitRequestTask|6_0(Endpoint endpoint, Task requestTask, ILogger logger)
   at Microsoft.AspNetCore.Diagnostics.DeveloperExceptionPageMiddleware.Invoke(HttpContext context)
2026-06-02 23:05:48 [ERR] Błąd pobierania listy użytkowników
System.Net.Http.HttpRequestException: Nie można nawiązać połączenia, ponieważ komputer docelowy aktywnie go odmawia. (localhost:5234)
 ---> System.Net.Sockets.SocketException (10061): Nie można nawiązać połączenia, ponieważ komputer docelowy aktywnie go odmawia.
   at System.Net.Sockets.Socket.AwaitableSocketAsyncEventArgs.ThrowException(SocketError error, CancellationToken cancellationToken)
   at System.Net.Sockets.Socket.AwaitableSocketAsyncEventArgs.System.Threading.Tasks.Sources.IValueTaskSource.GetResult(Int16 token)
   at System.Net.Sockets.Socket.<ConnectAsync>g__WaitForConnectWithCancellation|277_0(AwaitableSocketAsyncEventArgs saea, ValueTask connectTask, CancellationToken cancellationToken)
   at System.Net.Http.HttpConnectionPool.ConnectToTcpHostAsync(String host, Int32 port, HttpRequestMessage initialRequest, Boolean async, CancellationToken cancellationToken)
   --- End of inner exception stack trace ---
   at System.Net.Http.HttpConnectionPool.ConnectToTcpHostAsync(String host, Int32 port, HttpRequestMessage initialRequest, Boolean async, CancellationToken cancellationToken)
   at System.Net.Http.HttpConnectionPool.ConnectAsync(HttpRequestMessage request, Boolean async, CancellationToken cancellationToken)
   at System.Net.Http.HttpConnectionPool.CreateHttp11ConnectionAsync(HttpRequestMessage request, Boolean async, CancellationToken cancellationToken)
   at System.Net.Http.HttpConnectionPool.AddHttp11ConnectionAsync(HttpRequestMessage request)
   at System.Threading.Tasks.TaskCompletionSourceWithCancellation`1.WaitWithCancellationAsync(CancellationToken cancellationToken)
   at System.Net.Http.HttpConnectionPool.GetHttp11ConnectionAsync(HttpRequestMessage request, Boolean async, CancellationToken cancellationToken)
   at System.Net.Http.HttpConnectionPool.SendWithVersionDetectionAndRetryAsync(HttpRequestMessage request, Boolean async, Boolean doRequestAuth, CancellationToken cancellationToken)
   at System.Net.Http.DiagnosticsHandler.SendAsyncCore(HttpRequestMessage request, Boolean async, CancellationToken cancellationToken)
   at System.Net.Http.RedirectHandler.SendAsync(HttpRequestMessage request, Boolean async, CancellationToken cancellationToken)
   at Microsoft.Extensions.Http.Logging.LoggingHttpMessageHandler.SendAsync(HttpRequestMessage request, CancellationToken cancellationToken)
   at Microsoft.Extensions.Http.Logging.LoggingScopeHttpMessageHandler.SendAsync(HttpRequestMessage request, CancellationToken cancellationToken)
   at System.Net.Http.HttpClient.<SendAsync>g__Core|83_0(HttpRequestMessage request, HttpCompletionOption completionOption, CancellationTokenSource cts, Boolean disposeCts, CancellationTokenSource pendingRequestsCts, CancellationToken originalCancellationToken)
   at System.Net.Http.Json.HttpClientJsonExtensions.GetFromJsonAsyncCore[T](Task`1 taskResponse, JsonSerializerOptions options, CancellationToken cancellationToken)
   at RunningEventsSystem.BlazorServer.Services.AdminApiService.GetUsersAsync() in C:\Users\wikto\source\repos\WiktorKostera\PAB_projekt\BlazorServer\Services\AdminApiService.cs:line 85
2026-06-02 23:05:50 [ERR] Błąd pobierania listy użytkowników
System.Net.Http.HttpRequestException: Nie można nawiązać połączenia, ponieważ komputer docelowy aktywnie go odmawia. (localhost:5234)
 ---> System.Net.Sockets.SocketException (10061): Nie można nawiązać połączenia, ponieważ komputer docelowy aktywnie go odmawia.
   at System.Net.Sockets.Socket.AwaitableSocketAsyncEventArgs.ThrowException(SocketError error, CancellationToken cancellationToken)
   at System.Net.Sockets.Socket.AwaitableSocketAsyncEventArgs.System.Threading.Tasks.Sources.IValueTaskSource.GetResult(Int16 token)
   at System.Net.Sockets.Socket.<ConnectAsync>g__WaitForConnectWithCancellation|277_0(AwaitableSocketAsyncEventArgs saea, ValueTask connectTask, CancellationToken cancellationToken)
   at System.Net.Http.HttpConnectionPool.ConnectToTcpHostAsync(String host, Int32 port, HttpRequestMessage initialRequest, Boolean async, CancellationToken cancellationToken)
   --- End of inner exception stack trace ---
   at System.Net.Http.HttpConnectionPool.ConnectToTcpHostAsync(String host, Int32 port, HttpRequestMessage initialRequest, Boolean async, CancellationToken cancellationToken)
   at System.Net.Http.HttpConnectionPool.ConnectAsync(HttpRequestMessage request, Boolean async, CancellationToken cancellationToken)
   at System.Net.Http.HttpConnectionPool.CreateHttp11ConnectionAsync(HttpRequestMessage request, Boolean async, CancellationToken cancellationToken)
   at System.Net.Http.HttpConnectionPool.AddHttp11ConnectionAsync(HttpRequestMessage request)
   at System.Threading.Tasks.TaskCompletionSourceWithCancellation`1.WaitWithCancellationAsync(CancellationToken cancellationToken)
   at System.Net.Http.HttpConnectionPool.GetHttp11ConnectionAsync(HttpRequestMessage request, Boolean async, CancellationToken cancellationToken)
   at System.Net.Http.HttpConnectionPool.SendWithVersionDetectionAndRetryAsync(HttpRequestMessage request, Boolean async, Boolean doRequestAuth, CancellationToken cancellationToken)
   at System.Net.Http.DiagnosticsHandler.SendAsyncCore(HttpRequestMessage request, Boolean async, CancellationToken cancellationToken)
   at System.Net.Http.RedirectHandler.SendAsync(HttpRequestMessage request, Boolean async, CancellationToken cancellationToken)
   at Microsoft.Extensions.Http.Logging.LoggingHttpMessageHandler.SendAsync(HttpRequestMessage request, CancellationToken cancellationToken)
   at Microsoft.Extensions.Http.Logging.LoggingScopeHttpMessageHandler.SendAsync(HttpRequestMessage request, CancellationToken cancellationToken)
   at System.Net.Http.HttpClient.<SendAsync>g__Core|83_0(HttpRequestMessage request, HttpCompletionOption completionOption, CancellationTokenSource cts, Boolean disposeCts, CancellationTokenSource pendingRequestsCts, CancellationToken originalCancellationToken)
   at System.Net.Http.Json.HttpClientJsonExtensions.GetFromJsonAsyncCore[T](Task`1 taskResponse, JsonSerializerOptions options, CancellationToken cancellationToken)
   at RunningEventsSystem.BlazorServer.Services.AdminApiService.GetUsersAsync() in C:\Users\wikto\source\repos\WiktorKostera\PAB_projekt\BlazorServer\Services\AdminApiService.cs:line 85
2026-06-02 23:06:32 [ERR] Błąd pobierania listy eventów
System.Net.Http.HttpRequestException: Nie można nawiązać połączenia, ponieważ komputer docelowy aktywnie go odmawia. (localhost:5234)
 ---> System.Net.Sockets.SocketException (10061): Nie można nawiązać połączenia, ponieważ komputer docelowy aktywnie go odmawia.
   at System.Net.Sockets.Socket.AwaitableSocketAsyncEventArgs.ThrowException(SocketError error, CancellationToken cancellationToken)
   at System.Net.Sockets.Socket.AwaitableSocketAsyncEventArgs.System.Threading.Tasks.Sources.IValueTaskSource.GetResult(Int16 token)
   at System.Net.Sockets.Socket.<ConnectAsync>g__WaitForConnectWithCancellation|277_0(AwaitableSocketAsyncEventArgs saea, ValueTask connectTask, CancellationToken cancellationToken)
   at System.Net.Http.HttpConnectionPool.ConnectToTcpHostAsync(String host, Int32 port, HttpRequestMessage initialRequest, Boolean async, CancellationToken cancellationToken)
   --- End of inner exception stack trace ---
   at System.Net.Http.HttpConnectionPool.ConnectToTcpHostAsync(String host, Int32 port, HttpRequestMessage initialRequest, Boolean async, CancellationToken cancellationToken)
   at System.Net.Http.HttpConnectionPool.ConnectAsync(HttpRequestMessage request, Boolean async, CancellationToken cancellationToken)
   at System.Net.Http.HttpConnectionPool.CreateHttp11ConnectionAsync(HttpRequestMessage request, Boolean async, CancellationToken cancellationToken)
   at System.Net.Http.HttpConnectionPool.AddHttp11ConnectionAsync(HttpRequestMessage request)
   at System.Threading.Tasks.TaskCompletionSourceWithCancellation`1.WaitWithCancellationAsync(CancellationToken cancellationToken)
   at System.Net.Http.HttpConnectionPool.GetHttp11ConnectionAsync(HttpRequestMessage request, Boolean async, CancellationToken cancellationToken)
   at System.Net.Http.HttpConnectionPool.SendWithVersionDetectionAndRetryAsync(HttpRequestMessage request, Boolean async, Boolean doRequestAuth, CancellationToken cancellationToken)
   at System.Net.Http.DiagnosticsHandler.SendAsyncCore(HttpRequestMessage request, Boolean async, CancellationToken cancellationToken)
   at System.Net.Http.RedirectHandler.SendAsync(HttpRequestMessage request, Boolean async, CancellationToken cancellationToken)
   at Microsoft.Extensions.Http.Logging.LoggingHttpMessageHandler.SendAsync(HttpRequestMessage request, CancellationToken cancellationToken)
   at Microsoft.Extensions.Http.Logging.LoggingScopeHttpMessageHandler.SendAsync(HttpRequestMessage request, CancellationToken cancellationToken)
   at System.Net.Http.HttpClient.<SendAsync>g__Core|83_0(HttpRequestMessage request, HttpCompletionOption completionOption, CancellationTokenSource cts, Boolean disposeCts, CancellationTokenSource pendingRequestsCts, CancellationToken originalCancellationToken)
   at System.Net.Http.Json.HttpClientJsonExtensions.GetFromJsonAsyncCore[T](Task`1 taskResponse, JsonSerializerOptions options, CancellationToken cancellationToken)
   at RunningEventsSystem.BlazorServer.Services.AdminApiService.GetEventsAsync() in C:\Users\wikto\source\repos\WiktorKostera\PAB_projekt\BlazorServer\Services\AdminApiService.cs:line 46
2026-06-02 23:06:36 [ERR] Błąd pobierania listy użytkowników
System.Net.Http.HttpRequestException: Nie można nawiązać połączenia, ponieważ komputer docelowy aktywnie go odmawia. (localhost:5234)
 ---> System.Net.Sockets.SocketException (10061): Nie można nawiązać połączenia, ponieważ komputer docelowy aktywnie go odmawia.
   at System.Net.Sockets.Socket.AwaitableSocketAsyncEventArgs.ThrowException(SocketError error, CancellationToken cancellationToken)
   at System.Net.Sockets.Socket.AwaitableSocketAsyncEventArgs.System.Threading.Tasks.Sources.IValueTaskSource.GetResult(Int16 token)
   at System.Net.Sockets.Socket.<ConnectAsync>g__WaitForConnectWithCancellation|277_0(AwaitableSocketAsyncEventArgs saea, ValueTask connectTask, CancellationToken cancellationToken)
   at System.Net.Http.HttpConnectionPool.ConnectToTcpHostAsync(String host, Int32 port, HttpRequestMessage initialRequest, Boolean async, CancellationToken cancellationToken)
   --- End of inner exception stack trace ---
   at System.Net.Http.HttpConnectionPool.ConnectToTcpHostAsync(String host, Int32 port, HttpRequestMessage initialRequest, Boolean async, CancellationToken cancellationToken)
   at System.Net.Http.HttpConnectionPool.ConnectAsync(HttpRequestMessage request, Boolean async, CancellationToken cancellationToken)
   at System.Net.Http.HttpConnectionPool.CreateHttp11ConnectionAsync(HttpRequestMessage request, Boolean async, CancellationToken cancellationToken)
   at System.Net.Http.HttpConnectionPool.AddHttp11ConnectionAsync(HttpRequestMessage request)
   at System.Threading.Tasks.TaskCompletionSourceWithCancellation`1.WaitWithCancellationAsync(CancellationToken cancellationToken)
   at System.Net.Http.HttpConnectionPool.GetHttp11ConnectionAsync(HttpRequestMessage request, Boolean async, CancellationToken cancellationToken)
   at System.Net.Http.HttpConnectionPool.SendWithVersionDetectionAndRetryAsync(HttpRequestMessage request, Boolean async, Boolean doRequestAuth, CancellationToken cancellationToken)
   at System.Net.Http.DiagnosticsHandler.SendAsyncCore(HttpRequestMessage request, Boolean async, CancellationToken cancellationToken)
   at System.Net.Http.RedirectHandler.SendAsync(HttpRequestMessage request, Boolean async, CancellationToken cancellationToken)
   at Microsoft.Extensions.Http.Logging.LoggingHttpMessageHandler.SendAsync(HttpRequestMessage request, CancellationToken cancellationToken)
   at Microsoft.Extensions.Http.Logging.LoggingScopeHttpMessageHandler.SendAsync(HttpRequestMessage request, CancellationToken cancellationToken)
   at System.Net.Http.HttpClient.<SendAsync>g__Core|83_0(HttpRequestMessage request, HttpCompletionOption completionOption, CancellationTokenSource cts, Boolean disposeCts, CancellationTokenSource pendingRequestsCts, CancellationToken originalCancellationToken)
   at System.Net.Http.Json.HttpClientJsonExtensions.GetFromJsonAsyncCore[T](Task`1 taskResponse, JsonSerializerOptions options, CancellationToken cancellationToken)
   at RunningEventsSystem.BlazorServer.Services.AdminApiService.GetUsersAsync() in C:\Users\wikto\source\repos\WiktorKostera\PAB_projekt\BlazorServer\Services\AdminApiService.cs:line 85
2026-06-02 23:06:41 [ERR] Błąd pobierania listy eventów
System.Net.Http.HttpRequestException: Nie można nawiązać połączenia, ponieważ komputer docelowy aktywnie go odmawia. (localhost:5234)
 ---> System.Net.Sockets.SocketException (10061): Nie można nawiązać połączenia, ponieważ komputer docelowy aktywnie go odmawia.
   at System.Net.Sockets.Socket.AwaitableSocketAsyncEventArgs.ThrowException(SocketError error, CancellationToken cancellationToken)
   at System.Net.Sockets.Socket.AwaitableSocketAsyncEventArgs.System.Threading.Tasks.Sources.IValueTaskSource.GetResult(Int16 token)
   at System.Net.Sockets.Socket.<ConnectAsync>g__WaitForConnectWithCancellation|277_0(AwaitableSocketAsyncEventArgs saea, ValueTask connectTask, CancellationToken cancellationToken)
   at System.Net.Http.HttpConnectionPool.ConnectToTcpHostAsync(String host, Int32 port, HttpRequestMessage initialRequest, Boolean async, CancellationToken cancellationToken)
   --- End of inner exception stack trace ---
   at System.Net.Http.HttpConnectionPool.ConnectToTcpHostAsync(String host, Int32 port, HttpRequestMessage initialRequest, Boolean async, CancellationToken cancellationToken)
   at System.Net.Http.HttpConnectionPool.ConnectAsync(HttpRequestMessage request, Boolean async, CancellationToken cancellationToken)
   at System.Net.Http.HttpConnectionPool.CreateHttp11ConnectionAsync(HttpRequestMessage request, Boolean async, CancellationToken cancellationToken)
   at System.Net.Http.HttpConnectionPool.AddHttp11ConnectionAsync(HttpRequestMessage request)
   at System.Threading.Tasks.TaskCompletionSourceWithCancellation`1.WaitWithCancellationAsync(CancellationToken cancellationToken)
   at System.Net.Http.HttpConnectionPool.GetHttp11ConnectionAsync(HttpRequestMessage request, Boolean async, CancellationToken cancellationToken)
   at System.Net.Http.HttpConnectionPool.SendWithVersionDetectionAndRetryAsync(HttpRequestMessage request, Boolean async, Boolean doRequestAuth, CancellationToken cancellationToken)
   at System.Net.Http.DiagnosticsHandler.SendAsyncCore(HttpRequestMessage request, Boolean async, CancellationToken cancellationToken)
   at System.Net.Http.RedirectHandler.SendAsync(HttpRequestMessage request, Boolean async, CancellationToken cancellationToken)
   at Microsoft.Extensions.Http.Logging.LoggingHttpMessageHandler.SendAsync(HttpRequestMessage request, CancellationToken cancellationToken)
   at Microsoft.Extensions.Http.Logging.LoggingScopeHttpMessageHandler.SendAsync(HttpRequestMessage request, CancellationToken cancellationToken)
   at System.Net.Http.HttpClient.<SendAsync>g__Core|83_0(HttpRequestMessage request, HttpCompletionOption completionOption, CancellationTokenSource cts, Boolean disposeCts, CancellationTokenSource pendingRequestsCts, CancellationToken originalCancellationToken)
   at System.Net.Http.Json.HttpClientJsonExtensions.GetFromJsonAsyncCore[T](Task`1 taskResponse, JsonSerializerOptions options, CancellationToken cancellationToken)
   at RunningEventsSystem.BlazorServer.Services.AdminApiService.GetEventsAsync() in C:\Users\wikto\source\repos\WiktorKostera\PAB_projekt\BlazorServer\Services\AdminApiService.cs:line 46
2026-06-02 23:06:44 [ERR] Unhandled exception in circuit 'u7qAevO_u4MzPWraWqKwCBqJvGCScysx87gcYvMZoMM'.
System.ArgumentException: 'Field' is not a member of type 'System.ValueTuple`2[System.String,System.String]' (Parameter 'propertyOrFieldName')
   at System.Linq.Expressions.Expression.PropertyOrField(Expression expression, String propertyOrFieldName)
   at Radzen.PropertyAccess.Getter[TItem,TValue](String propertyName, Type type)
   at Radzen.DropDownBase`1.OnParametersSet()
   at Microsoft.AspNetCore.Components.ComponentBase.CallOnParametersSetAsync()
   at Microsoft.AspNetCore.Components.ComponentBase.RunInitAndSetParametersAsync()
   at Radzen.RadzenComponent.SetParametersAsync(ParameterView parameters)
   at Radzen.DataBoundFormComponent`1.SetParametersAsync(ParameterView parameters)
   at Radzen.DropDownBase`1.SetParametersAsync(ParameterView parameters)
   at Radzen.Blazor.RadzenDropDown`1.SetParametersAsync(ParameterView parameters)
2026-06-02 23:06:44 [ERR] Unhandled exception in circuit 'u7qAevO_u4MzPWraWqKwCBqJvGCScysx87gcYvMZoMM'.
System.ObjectDisposedException: Cannot access a disposed object.
   at Microsoft.AspNetCore.Components.RenderTree.ArrayBuilder`1.ThrowObjectDisposedException()
   at Microsoft.AspNetCore.Components.RenderTree.ArrayBuilder`1.GrowBuffer(Int32 desiredCapacity)
   at Microsoft.AspNetCore.Components.RenderTree.RenderTreeDiffBuilder.InsertNewFrame(DiffContext& diffContext, Int32 newFrameIndex)
   at Microsoft.AspNetCore.Components.RenderTree.RenderTreeDiffBuilder.AppendDiffEntriesForRange(DiffContext& diffContext, Int32 oldStartIndex, Int32 oldEndIndexExcl, Int32 newStartIndex, Int32 newEndIndexExcl)
   at Microsoft.AspNetCore.Components.RenderTree.RenderTreeDiffBuilder.ComputeDiff(Renderer renderer, RenderBatchBuilder batchBuilder, Int32 componentId, ArrayRange`1 oldTree, ArrayRange`1 newTree)
   at Microsoft.AspNetCore.Components.Rendering.ComponentState.RenderIntoBatch(RenderBatchBuilder batchBuilder, RenderFragment renderFragment, Exception& renderFragmentException)
   at Microsoft.AspNetCore.Components.RenderTree.Renderer.ProcessRenderQueue()
2026-06-02 23:06:45 [ERR] Błąd pobierania listy użytkowników
System.Net.Http.HttpRequestException: Nie można nawiązać połączenia, ponieważ komputer docelowy aktywnie go odmawia. (localhost:5234)
 ---> System.Net.Sockets.SocketException (10061): Nie można nawiązać połączenia, ponieważ komputer docelowy aktywnie go odmawia.
   at System.Net.Sockets.Socket.AwaitableSocketAsyncEventArgs.ThrowException(SocketError error, CancellationToken cancellationToken)
   at System.Net.Sockets.Socket.AwaitableSocketAsyncEventArgs.System.Threading.Tasks.Sources.IValueTaskSource.GetResult(Int16 token)
   at System.Net.Sockets.Socket.<ConnectAsync>g__WaitForConnectWithCancellation|277_0(AwaitableSocketAsyncEventArgs saea, ValueTask connectTask, CancellationToken cancellationToken)
   at System.Net.Http.HttpConnectionPool.ConnectToTcpHostAsync(String host, Int32 port, HttpRequestMessage initialRequest, Boolean async, CancellationToken cancellationToken)
   --- End of inner exception stack trace ---
   at System.Net.Http.HttpConnectionPool.ConnectToTcpHostAsync(String host, Int32 port, HttpRequestMessage initialRequest, Boolean async, CancellationToken cancellationToken)
   at System.Net.Http.HttpConnectionPool.ConnectAsync(HttpRequestMessage request, Boolean async, CancellationToken cancellationToken)
   at System.Net.Http.HttpConnectionPool.CreateHttp11ConnectionAsync(HttpRequestMessage request, Boolean async, CancellationToken cancellationToken)
   at System.Net.Http.HttpConnectionPool.AddHttp11ConnectionAsync(HttpRequestMessage request)
   at System.Threading.Tasks.TaskCompletionSourceWithCancellation`1.WaitWithCancellationAsync(CancellationToken cancellationToken)
   at System.Net.Http.HttpConnectionPool.GetHttp11ConnectionAsync(HttpRequestMessage request, Boolean async, CancellationToken cancellationToken)
   at System.Net.Http.HttpConnectionPool.SendWithVersionDetectionAndRetryAsync(HttpRequestMessage request, Boolean async, Boolean doRequestAuth, CancellationToken cancellationToken)
   at System.Net.Http.DiagnosticsHandler.SendAsyncCore(HttpRequestMessage request, Boolean async, CancellationToken cancellationToken)
   at System.Net.Http.RedirectHandler.SendAsync(HttpRequestMessage request, Boolean async, CancellationToken cancellationToken)
   at Microsoft.Extensions.Http.Logging.LoggingHttpMessageHandler.SendAsync(HttpRequestMessage request, CancellationToken cancellationToken)
   at Microsoft.Extensions.Http.Logging.LoggingScopeHttpMessageHandler.SendAsync(HttpRequestMessage request, CancellationToken cancellationToken)
   at System.Net.Http.HttpClient.<SendAsync>g__Core|83_0(HttpRequestMessage request, HttpCompletionOption completionOption, CancellationTokenSource cts, Boolean disposeCts, CancellationTokenSource pendingRequestsCts, CancellationToken originalCancellationToken)
   at System.Net.Http.Json.HttpClientJsonExtensions.GetFromJsonAsyncCore[T](Task`1 taskResponse, JsonSerializerOptions options, CancellationToken cancellationToken)
   at RunningEventsSystem.BlazorServer.Services.AdminApiService.GetUsersAsync() in C:\Users\wikto\source\repos\WiktorKostera\PAB_projekt\BlazorServer\Services\AdminApiService.cs:line 85
2026-06-02 23:06:48 [ERR] Błąd pobierania listy użytkowników
System.Net.Http.HttpRequestException: Nie można nawiązać połączenia, ponieważ komputer docelowy aktywnie go odmawia. (localhost:5234)
 ---> System.Net.Sockets.SocketException (10061): Nie można nawiązać połączenia, ponieważ komputer docelowy aktywnie go odmawia.
   at System.Net.Sockets.Socket.AwaitableSocketAsyncEventArgs.ThrowException(SocketError error, CancellationToken cancellationToken)
   at System.Net.Sockets.Socket.AwaitableSocketAsyncEventArgs.System.Threading.Tasks.Sources.IValueTaskSource.GetResult(Int16 token)
   at System.Net.Sockets.Socket.<ConnectAsync>g__WaitForConnectWithCancellation|277_0(AwaitableSocketAsyncEventArgs saea, ValueTask connectTask, CancellationToken cancellationToken)
   at System.Net.Http.HttpConnectionPool.ConnectToTcpHostAsync(String host, Int32 port, HttpRequestMessage initialRequest, Boolean async, CancellationToken cancellationToken)
   --- End of inner exception stack trace ---
   at System.Net.Http.HttpConnectionPool.ConnectToTcpHostAsync(String host, Int32 port, HttpRequestMessage initialRequest, Boolean async, CancellationToken cancellationToken)
   at System.Net.Http.HttpConnectionPool.ConnectAsync(HttpRequestMessage request, Boolean async, CancellationToken cancellationToken)
   at System.Net.Http.HttpConnectionPool.CreateHttp11ConnectionAsync(HttpRequestMessage request, Boolean async, CancellationToken cancellationToken)
   at System.Net.Http.HttpConnectionPool.AddHttp11ConnectionAsync(HttpRequestMessage request)
   at System.Threading.Tasks.TaskCompletionSourceWithCancellation`1.WaitWithCancellationAsync(CancellationToken cancellationToken)
   at System.Net.Http.HttpConnectionPool.GetHttp11ConnectionAsync(HttpRequestMessage request, Boolean async, CancellationToken cancellationToken)
   at System.Net.Http.HttpConnectionPool.SendWithVersionDetectionAndRetryAsync(HttpRequestMessage request, Boolean async, Boolean doRequestAuth, CancellationToken cancellationToken)
   at System.Net.Http.DiagnosticsHandler.SendAsyncCore(HttpRequestMessage request, Boolean async, CancellationToken cancellationToken)
   at System.Net.Http.RedirectHandler.SendAsync(HttpRequestMessage request, Boolean async, CancellationToken cancellationToken)
   at Microsoft.Extensions.Http.Logging.LoggingHttpMessageHandler.SendAsync(HttpRequestMessage request, CancellationToken cancellationToken)
   at Microsoft.Extensions.Http.Logging.LoggingScopeHttpMessageHandler.SendAsync(HttpRequestMessage request, CancellationToken cancellationToken)
   at System.Net.Http.HttpClient.<SendAsync>g__Core|83_0(HttpRequestMessage request, HttpCompletionOption completionOption, CancellationTokenSource cts, Boolean disposeCts, CancellationTokenSource pendingRequestsCts, CancellationToken originalCancellationToken)
   at System.Net.Http.Json.HttpClientJsonExtensions.GetFromJsonAsyncCore[T](Task`1 taskResponse, JsonSerializerOptions options, CancellationToken cancellationToken)
   at RunningEventsSystem.BlazorServer.Services.AdminApiService.GetUsersAsync() in C:\Users\wikto\source\repos\WiktorKostera\PAB_projekt\BlazorServer\Services\AdminApiService.cs:line 85
2026-06-02 23:06:53 [ERR] Błąd pobierania listy eventów
System.Net.Http.HttpRequestException: Nie można nawiązać połączenia, ponieważ komputer docelowy aktywnie go odmawia. (localhost:5234)
 ---> System.Net.Sockets.SocketException (10061): Nie można nawiązać połączenia, ponieważ komputer docelowy aktywnie go odmawia.
   at System.Net.Sockets.Socket.AwaitableSocketAsyncEventArgs.ThrowException(SocketError error, CancellationToken cancellationToken)
   at System.Net.Sockets.Socket.AwaitableSocketAsyncEventArgs.System.Threading.Tasks.Sources.IValueTaskSource.GetResult(Int16 token)
   at System.Net.Sockets.Socket.<ConnectAsync>g__WaitForConnectWithCancellation|277_0(AwaitableSocketAsyncEventArgs saea, ValueTask connectTask, CancellationToken cancellationToken)
   at System.Net.Http.HttpConnectionPool.ConnectToTcpHostAsync(String host, Int32 port, HttpRequestMessage initialRequest, Boolean async, CancellationToken cancellationToken)
   --- End of inner exception stack trace ---
   at System.Net.Http.HttpConnectionPool.ConnectToTcpHostAsync(String host, Int32 port, HttpRequestMessage initialRequest, Boolean async, CancellationToken cancellationToken)
   at System.Net.Http.HttpConnectionPool.ConnectAsync(HttpRequestMessage request, Boolean async, CancellationToken cancellationToken)
   at System.Net.Http.HttpConnectionPool.CreateHttp11ConnectionAsync(HttpRequestMessage request, Boolean async, CancellationToken cancellationToken)
   at System.Net.Http.HttpConnectionPool.AddHttp11ConnectionAsync(HttpRequestMessage request)
   at System.Threading.Tasks.TaskCompletionSourceWithCancellation`1.WaitWithCancellationAsync(CancellationToken cancellationToken)
   at System.Net.Http.HttpConnectionPool.GetHttp11ConnectionAsync(HttpRequestMessage request, Boolean async, CancellationToken cancellationToken)
   at System.Net.Http.HttpConnectionPool.SendWithVersionDetectionAndRetryAsync(HttpRequestMessage request, Boolean async, Boolean doRequestAuth, CancellationToken cancellationToken)
   at System.Net.Http.DiagnosticsHandler.SendAsyncCore(HttpRequestMessage request, Boolean async, CancellationToken cancellationToken)
   at System.Net.Http.RedirectHandler.SendAsync(HttpRequestMessage request, Boolean async, CancellationToken cancellationToken)
   at Microsoft.Extensions.Http.Logging.LoggingHttpMessageHandler.SendAsync(HttpRequestMessage request, CancellationToken cancellationToken)
   at Microsoft.Extensions.Http.Logging.LoggingScopeHttpMessageHandler.SendAsync(HttpRequestMessage request, CancellationToken cancellationToken)
   at System.Net.Http.HttpClient.<SendAsync>g__Core|83_0(HttpRequestMessage request, HttpCompletionOption completionOption, CancellationTokenSource cts, Boolean disposeCts, CancellationTokenSource pendingRequestsCts, CancellationToken originalCancellationToken)
   at System.Net.Http.Json.HttpClientJsonExtensions.GetFromJsonAsyncCore[T](Task`1 taskResponse, JsonSerializerOptions options, CancellationToken cancellationToken)
   at RunningEventsSystem.BlazorServer.Services.AdminApiService.GetEventsAsync() in C:\Users\wikto\source\repos\WiktorKostera\PAB_projekt\BlazorServer\Services\AdminApiService.cs:line 46
2026-06-02 23:06:57 [ERR] Błąd pobierania listy eventów
System.Net.Http.HttpRequestException: Nie można nawiązać połączenia, ponieważ komputer docelowy aktywnie go odmawia. (localhost:5234)
 ---> System.Net.Sockets.SocketException (10061): Nie można nawiązać połączenia, ponieważ komputer docelowy aktywnie go odmawia.
   at System.Net.Sockets.Socket.AwaitableSocketAsyncEventArgs.ThrowException(SocketError error, CancellationToken cancellationToken)
   at System.Net.Sockets.Socket.AwaitableSocketAsyncEventArgs.System.Threading.Tasks.Sources.IValueTaskSource.GetResult(Int16 token)
   at System.Net.Sockets.Socket.<ConnectAsync>g__WaitForConnectWithCancellation|277_0(AwaitableSocketAsyncEventArgs saea, ValueTask connectTask, CancellationToken cancellationToken)
   at System.Net.Http.HttpConnectionPool.ConnectToTcpHostAsync(String host, Int32 port, HttpRequestMessage initialRequest, Boolean async, CancellationToken cancellationToken)
   --- End of inner exception stack trace ---
   at System.Net.Http.HttpConnectionPool.ConnectToTcpHostAsync(String host, Int32 port, HttpRequestMessage initialRequest, Boolean async, CancellationToken cancellationToken)
   at System.Net.Http.HttpConnectionPool.ConnectAsync(HttpRequestMessage request, Boolean async, CancellationToken cancellationToken)
   at System.Net.Http.HttpConnectionPool.CreateHttp11ConnectionAsync(HttpRequestMessage request, Boolean async, CancellationToken cancellationToken)
   at System.Net.Http.HttpConnectionPool.AddHttp11ConnectionAsync(HttpRequestMessage request)
   at System.Threading.Tasks.TaskCompletionSourceWithCancellation`1.WaitWithCancellationAsync(CancellationToken cancellationToken)
   at System.Net.Http.HttpConnectionPool.GetHttp11ConnectionAsync(HttpRequestMessage request, Boolean async, CancellationToken cancellationToken)
   at System.Net.Http.HttpConnectionPool.SendWithVersionDetectionAndRetryAsync(HttpRequestMessage request, Boolean async, Boolean doRequestAuth, CancellationToken cancellationToken)
   at System.Net.Http.DiagnosticsHandler.SendAsyncCore(HttpRequestMessage request, Boolean async, CancellationToken cancellationToken)
   at System.Net.Http.RedirectHandler.SendAsync(HttpRequestMessage request, Boolean async, CancellationToken cancellationToken)
   at Microsoft.Extensions.Http.Logging.LoggingHttpMessageHandler.SendAsync(HttpRequestMessage request, CancellationToken cancellationToken)
   at Microsoft.Extensions.Http.Logging.LoggingScopeHttpMessageHandler.SendAsync(HttpRequestMessage request, CancellationToken cancellationToken)
   at System.Net.Http.HttpClient.<SendAsync>g__Core|83_0(HttpRequestMessage request, HttpCompletionOption completionOption, CancellationTokenSource cts, Boolean disposeCts, CancellationTokenSource pendingRequestsCts, CancellationToken originalCancellationToken)
   at System.Net.Http.Json.HttpClientJsonExtensions.GetFromJsonAsyncCore[T](Task`1 taskResponse, JsonSerializerOptions options, CancellationToken cancellationToken)
   at RunningEventsSystem.BlazorServer.Services.AdminApiService.GetEventsAsync() in C:\Users\wikto\source\repos\WiktorKostera\PAB_projekt\BlazorServer\Services\AdminApiService.cs:line 46
2026-06-02 23:07:00 [ERR] Unhandled exception in circuit '0bRxRl38eGVDUO4K44KBfvum2NFwH777LxM_GHEnKgY'.
System.ArgumentException: 'Field' is not a member of type 'System.ValueTuple`2[System.String,System.String]' (Parameter 'propertyOrFieldName')
   at System.Linq.Expressions.Expression.PropertyOrField(Expression expression, String propertyOrFieldName)
   at Radzen.PropertyAccess.Getter[TItem,TValue](String propertyName, Type type)
   at Radzen.DropDownBase`1.OnParametersSet()
   at Microsoft.AspNetCore.Components.ComponentBase.CallOnParametersSetAsync()
   at Microsoft.AspNetCore.Components.ComponentBase.RunInitAndSetParametersAsync()
   at Radzen.RadzenComponent.SetParametersAsync(ParameterView parameters)
   at Radzen.DataBoundFormComponent`1.SetParametersAsync(ParameterView parameters)
   at Radzen.DropDownBase`1.SetParametersAsync(ParameterView parameters)
   at Radzen.Blazor.RadzenDropDown`1.SetParametersAsync(ParameterView parameters)
2026-06-02 23:07:00 [ERR] Unhandled exception in circuit '0bRxRl38eGVDUO4K44KBfvum2NFwH777LxM_GHEnKgY'.
System.ObjectDisposedException: Cannot access a disposed object.
   at Microsoft.AspNetCore.Components.RenderTree.ArrayBuilder`1.ThrowObjectDisposedException()
   at Microsoft.AspNetCore.Components.RenderTree.ArrayBuilder`1.GrowBuffer(Int32 desiredCapacity)
   at Microsoft.AspNetCore.Components.RenderTree.RenderTreeDiffBuilder.InsertNewFrame(DiffContext& diffContext, Int32 newFrameIndex)
   at Microsoft.AspNetCore.Components.RenderTree.RenderTreeDiffBuilder.AppendDiffEntriesForRange(DiffContext& diffContext, Int32 oldStartIndex, Int32 oldEndIndexExcl, Int32 newStartIndex, Int32 newEndIndexExcl)
   at Microsoft.AspNetCore.Components.RenderTree.RenderTreeDiffBuilder.ComputeDiff(Renderer renderer, RenderBatchBuilder batchBuilder, Int32 componentId, ArrayRange`1 oldTree, ArrayRange`1 newTree)
   at Microsoft.AspNetCore.Components.Rendering.ComponentState.RenderIntoBatch(RenderBatchBuilder batchBuilder, RenderFragment renderFragment, Exception& renderFragmentException)
   at Microsoft.AspNetCore.Components.RenderTree.Renderer.ProcessRenderQueue()
2026-06-02 23:07:05 [ERR] Błąd pobierania listy użytkowników
System.Net.Http.HttpRequestException: Nie można nawiązać połączenia, ponieważ komputer docelowy aktywnie go odmawia. (localhost:5234)
 ---> System.Net.Sockets.SocketException (10061): Nie można nawiązać połączenia, ponieważ komputer docelowy aktywnie go odmawia.
   at System.Net.Sockets.Socket.AwaitableSocketAsyncEventArgs.ThrowException(SocketError error, CancellationToken cancellationToken)
   at System.Net.Sockets.Socket.AwaitableSocketAsyncEventArgs.System.Threading.Tasks.Sources.IValueTaskSource.GetResult(Int16 token)
   at System.Net.Sockets.Socket.<ConnectAsync>g__WaitForConnectWithCancellation|277_0(AwaitableSocketAsyncEventArgs saea, ValueTask connectTask, CancellationToken cancellationToken)
   at System.Net.Http.HttpConnectionPool.ConnectToTcpHostAsync(String host, Int32 port, HttpRequestMessage initialRequest, Boolean async, CancellationToken cancellationToken)
   --- End of inner exception stack trace ---
   at System.Net.Http.HttpConnectionPool.ConnectToTcpHostAsync(String host, Int32 port, HttpRequestMessage initialRequest, Boolean async, CancellationToken cancellationToken)
   at System.Net.Http.HttpConnectionPool.ConnectAsync(HttpRequestMessage request, Boolean async, CancellationToken cancellationToken)
   at System.Net.Http.HttpConnectionPool.CreateHttp11ConnectionAsync(HttpRequestMessage request, Boolean async, CancellationToken cancellationToken)
   at System.Net.Http.HttpConnectionPool.AddHttp11ConnectionAsync(HttpRequestMessage request)
   at System.Threading.Tasks.TaskCompletionSourceWithCancellation`1.WaitWithCancellationAsync(CancellationToken cancellationToken)
   at System.Net.Http.HttpConnectionPool.GetHttp11ConnectionAsync(HttpRequestMessage request, Boolean async, CancellationToken cancellationToken)
   at System.Net.Http.HttpConnectionPool.SendWithVersionDetectionAndRetryAsync(HttpRequestMessage request, Boolean async, Boolean doRequestAuth, CancellationToken cancellationToken)
   at System.Net.Http.DiagnosticsHandler.SendAsyncCore(HttpRequestMessage request, Boolean async, CancellationToken cancellationToken)
   at System.Net.Http.RedirectHandler.SendAsync(HttpRequestMessage request, Boolean async, CancellationToken cancellationToken)
   at Microsoft.Extensions.Http.Logging.LoggingHttpMessageHandler.SendAsync(HttpRequestMessage request, CancellationToken cancellationToken)
   at Microsoft.Extensions.Http.Logging.LoggingScopeHttpMessageHandler.SendAsync(HttpRequestMessage request, CancellationToken cancellationToken)
   at System.Net.Http.HttpClient.<SendAsync>g__Core|83_0(HttpRequestMessage request, HttpCompletionOption completionOption, CancellationTokenSource cts, Boolean disposeCts, CancellationTokenSource pendingRequestsCts, CancellationToken originalCancellationToken)
   at System.Net.Http.Json.HttpClientJsonExtensions.GetFromJsonAsyncCore[T](Task`1 taskResponse, JsonSerializerOptions options, CancellationToken cancellationToken)
   at RunningEventsSystem.BlazorServer.Services.AdminApiService.GetUsersAsync() in C:\Users\wikto\source\repos\WiktorKostera\PAB_projekt\BlazorServer\Services\AdminApiService.cs:line 85
2026-06-02 23:07:14 [ERR] Błąd pobierania listy eventów
System.Net.Http.HttpRequestException: Nie można nawiązać połączenia, ponieważ komputer docelowy aktywnie go odmawia. (localhost:5234)
 ---> System.Net.Sockets.SocketException (10061): Nie można nawiązać połączenia, ponieważ komputer docelowy aktywnie go odmawia.
   at System.Net.Sockets.Socket.AwaitableSocketAsyncEventArgs.ThrowException(SocketError error, CancellationToken cancellationToken)
   at System.Net.Sockets.Socket.AwaitableSocketAsyncEventArgs.System.Threading.Tasks.Sources.IValueTaskSource.GetResult(Int16 token)
   at System.Net.Sockets.Socket.<ConnectAsync>g__WaitForConnectWithCancellation|277_0(AwaitableSocketAsyncEventArgs saea, ValueTask connectTask, CancellationToken cancellationToken)
   at System.Net.Http.HttpConnectionPool.ConnectToTcpHostAsync(String host, Int32 port, HttpRequestMessage initialRequest, Boolean async, CancellationToken cancellationToken)
   --- End of inner exception stack trace ---
   at System.Net.Http.HttpConnectionPool.ConnectToTcpHostAsync(String host, Int32 port, HttpRequestMessage initialRequest, Boolean async, CancellationToken cancellationToken)
   at System.Net.Http.HttpConnectionPool.ConnectAsync(HttpRequestMessage request, Boolean async, CancellationToken cancellationToken)
   at System.Net.Http.HttpConnectionPool.CreateHttp11ConnectionAsync(HttpRequestMessage request, Boolean async, CancellationToken cancellationToken)
   at System.Net.Http.HttpConnectionPool.AddHttp11ConnectionAsync(HttpRequestMessage request)
   at System.Threading.Tasks.TaskCompletionSourceWithCancellation`1.WaitWithCancellationAsync(CancellationToken cancellationToken)
   at System.Net.Http.HttpConnectionPool.GetHttp11ConnectionAsync(HttpRequestMessage request, Boolean async, CancellationToken cancellationToken)
   at System.Net.Http.HttpConnectionPool.SendWithVersionDetectionAndRetryAsync(HttpRequestMessage request, Boolean async, Boolean doRequestAuth, CancellationToken cancellationToken)
   at System.Net.Http.DiagnosticsHandler.SendAsyncCore(HttpRequestMessage request, Boolean async, CancellationToken cancellationToken)
   at System.Net.Http.RedirectHandler.SendAsync(HttpRequestMessage request, Boolean async, CancellationToken cancellationToken)
   at Microsoft.Extensions.Http.Logging.LoggingHttpMessageHandler.SendAsync(HttpRequestMessage request, CancellationToken cancellationToken)
   at Microsoft.Extensions.Http.Logging.LoggingScopeHttpMessageHandler.SendAsync(HttpRequestMessage request, CancellationToken cancellationToken)
   at System.Net.Http.HttpClient.<SendAsync>g__Core|83_0(HttpRequestMessage request, HttpCompletionOption completionOption, CancellationTokenSource cts, Boolean disposeCts, CancellationTokenSource pendingRequestsCts, CancellationToken originalCancellationToken)
   at System.Net.Http.Json.HttpClientJsonExtensions.GetFromJsonAsyncCore[T](Task`1 taskResponse, JsonSerializerOptions options, CancellationToken cancellationToken)
   at RunningEventsSystem.BlazorServer.Services.AdminApiService.GetEventsAsync() in C:\Users\wikto\source\repos\WiktorKostera\PAB_projekt\BlazorServer\Services\AdminApiService.cs:line 46
2026-06-02 23:07:19 [ERR] Błąd pobierania listy eventów
System.Net.Http.HttpRequestException: Nie można nawiązać połączenia, ponieważ komputer docelowy aktywnie go odmawia. (localhost:5234)
 ---> System.Net.Sockets.SocketException (10061): Nie można nawiązać połączenia, ponieważ komputer docelowy aktywnie go odmawia.
   at System.Net.Sockets.Socket.AwaitableSocketAsyncEventArgs.ThrowException(SocketError error, CancellationToken cancellationToken)
   at System.Net.Sockets.Socket.AwaitableSocketAsyncEventArgs.System.Threading.Tasks.Sources.IValueTaskSource.GetResult(Int16 token)
   at System.Net.Sockets.Socket.<ConnectAsync>g__WaitForConnectWithCancellation|277_0(AwaitableSocketAsyncEventArgs saea, ValueTask connectTask, CancellationToken cancellationToken)
   at System.Net.Http.HttpConnectionPool.ConnectToTcpHostAsync(String host, Int32 port, HttpRequestMessage initialRequest, Boolean async, CancellationToken cancellationToken)
   --- End of inner exception stack trace ---
   at System.Net.Http.HttpConnectionPool.ConnectToTcpHostAsync(String host, Int32 port, HttpRequestMessage initialRequest, Boolean async, CancellationToken cancellationToken)
   at System.Net.Http.HttpConnectionPool.ConnectAsync(HttpRequestMessage request, Boolean async, CancellationToken cancellationToken)
   at System.Net.Http.HttpConnectionPool.CreateHttp11ConnectionAsync(HttpRequestMessage request, Boolean async, CancellationToken cancellationToken)
   at System.Net.Http.HttpConnectionPool.AddHttp11ConnectionAsync(HttpRequestMessage request)
   at System.Threading.Tasks.TaskCompletionSourceWithCancellation`1.WaitWithCancellationAsync(CancellationToken cancellationToken)
   at System.Net.Http.HttpConnectionPool.GetHttp11ConnectionAsync(HttpRequestMessage request, Boolean async, CancellationToken cancellationToken)
   at System.Net.Http.HttpConnectionPool.SendWithVersionDetectionAndRetryAsync(HttpRequestMessage request, Boolean async, Boolean doRequestAuth, CancellationToken cancellationToken)
   at System.Net.Http.DiagnosticsHandler.SendAsyncCore(HttpRequestMessage request, Boolean async, CancellationToken cancellationToken)
   at System.Net.Http.RedirectHandler.SendAsync(HttpRequestMessage request, Boolean async, CancellationToken cancellationToken)
   at Microsoft.Extensions.Http.Logging.LoggingHttpMessageHandler.SendAsync(HttpRequestMessage request, CancellationToken cancellationToken)
   at Microsoft.Extensions.Http.Logging.LoggingScopeHttpMessageHandler.SendAsync(HttpRequestMessage request, CancellationToken cancellationToken)
   at System.Net.Http.HttpClient.<SendAsync>g__Core|83_0(HttpRequestMessage request, HttpCompletionOption completionOption, CancellationTokenSource cts, Boolean disposeCts, CancellationTokenSource pendingRequestsCts, CancellationToken originalCancellationToken)
   at System.Net.Http.Json.HttpClientJsonExtensions.GetFromJsonAsyncCore[T](Task`1 taskResponse, JsonSerializerOptions options, CancellationToken cancellationToken)
   at RunningEventsSystem.BlazorServer.Services.AdminApiService.GetEventsAsync() in C:\Users\wikto\source\repos\WiktorKostera\PAB_projekt\BlazorServer\Services\AdminApiService.cs:line 46
